姓名,住址,出生日期,国籍,民族,性别,婚姻状态,收入,工作单位,职业
尹晓明,湖南省佳市闵行通辽街,18/5/1973,日本,朝鲜族,男,单身,28081,阎記电子有限责任公司,白领
梁詩涵,宁夏回族自治区琴县璧山黄路I座,11/3/1988,韩国,高山族,女,单身,17563,莫記物业代理有限责任公司,收银员
谭子异,贵州省鑫县东丽潮州街,1/3/1971,中国,汉族,男,丧偶,45657,曹記顾问有限责任公司,工人
胡璐,北京市辖区石景山区苹果园街道办事处琅山村社区,29/4/1986,泰国,土家族,女,已婚,32658,晓明发展贸易有限责任公司,学生
邓杰宏,西藏自治区昌都地区江达县江达镇岗达村,16/11/1994,美国,白族,男,已婚,15000,致远有限责任公司,个体
田震南,山西省楠县萧山兴安盟路9361号,22/9/1982,中国,汉族,男,已婚,15000,何有限责任公司,工人
尹子异,山东淄博市临淄区齐都镇韶院村,16/3/1962,美国,白族,男,已婚,37863,任記工业有限责任公司,个体
梁宇宁,甘肃省玉英市大兴深圳路,13/9/1977,泰国,土家族,男,已婚,49678,云熙食品有限责任公司,学生
姚嘉伦,宁夏回族自治区固原市隆德县陈靳乡高阳村,28/2/2000,美国,白族,男,单身,50681,待业,个体
萧安琪,新疆维吾尔自治区红霞县梁平合山街1455号,8/12/1974,韩国,高山族,女,已婚,6518,秀英有限责任公司,收银员
朱宇宁,广东省惠州县安次呼和浩特街1199号,22/11/1987,中国台湾,壮族,男,已婚,41804,胡記有限责任公司,科研人员
贾岚,重庆市秀英市怀柔惠州路5433号,1/5/1969,韩国,高山族,女,已婚,67852,岚有限责任公司,收银员
汪致远,台湾省关岭县蓟州北镇街,19/12/1968,中国台湾,壮族,男,已婚,16554,林电讯有限责任公司,科研人员
何岚,湖北省海燕市东丽常路,23/9/1963,中国台湾,壮族,女,已婚,62421,睿食品有限责任公司,科研人员
韩杰宏,山东省临沂市平邑县郑城镇张庄村,9/6/2000,泰国,土家族,男,单身,20669,詩涵通讯有限责任公司,学生
方睿,四川自贡市贡井区艾叶镇竹林社区村,19/8/1968,中国台湾,壮族,男,已婚,18551,子异电脑有限责任公司,科研人员
范杰宏,福建省武汉市闵行徐街,15/6/1968,美国,白族,男,已婚,15728,杨有限责任公司,个体
曹睿,北京市武汉县黄浦上海街q座,19/9/1974,中国,汉族,男,已婚,18518,雷玩具有限责任公司,工人
徐致远,江苏省永安县安次李路G座,23/6/1997,菲律宾,苗族,男,已婚,57604,邹記有限责任公司,服务员
邱嘉伦,西藏林芝地区米林县里龙乡玉松村,20/6/1989,中国香港,回族,男,单身,51507,吕記通讯有限责任公司,教师
顾嘉伦,重庆市合肥市城东唐街9998号,28/10/1966,日本,朝鲜族,男,单身,27817,致远技术有限责任公司,白领
常子韬,河南省南昌县南湖沈阳路,13/5/1999,日本,朝鲜族,男,离异,35784,向記工程有限责任公司,白领
雷子异,重庆市梅县滨城乌鲁木齐街6644号,3/9/1964,泰国,土家族,男,丧偶,21597,璐系统有限责任公司,学生
张岚,湖北省兴城县南溪深圳路Q座,24/6/1974,美国,白族,女,已婚,53773,璐技术有限责任公司,个体
吴秀英,海南省霞县魏都阜新路6209号,12/11/1999,韩国,高山族,女,单身,18370,子异有限责任公司,收银员
钱璐,黑龙江省伟市淄川北京街o座,23/3/1970,泰国,土家族,女,已婚,29911,震南有限责任公司,学生
廖睿,内蒙古自治区凯县涪城辽阳路,6/10/2000,韩国,高山族,男,已婚,19173,致远有限责任公司,收银员
邓子韬,山西省健县沈河永安路l座,30/1/1962,中国台湾,壮族,男,单身,67550,致远发展贸易有限责任公司,科研人员
段杰宏,台湾省邯郸市门头沟石路,5/10/1967,菲律宾,苗族,男,单身,53695,彭記工业有限责任公司,服务员
林睿,上海市荆门县山亭辛集街,22/4/1983,中国香港,回族,男,已婚,15000,安琪有限责任公司,教师
李晓明,黑龙江省阳县龙潭乌鲁木齐街5047号,12/10/1966,中国台湾,壮族,男,已婚,61943,子异工程有限责任公司,科研人员
范子异,宁夏银川市兴庆区燕鸽湖管委会银燕园社区,18/2/1962,泰国,土家族,男,单身,22975,震南制药有限责任公司,学生
莫子异,新疆维吾尔自治区玉兰县高港沈阳街9297号,22/9/1976,日本,朝鲜族,男,单身,67346,武电脑有限责任公司,白领
吴秀英,广西壮族自治区嘉禾市沙市齐齐哈尔路8054号,6/11/1969,美国,白族,女,丧偶,47201,贾技术有限责任公司,个体
侯璐,重庆市晶市清浦兰州路,18/12/1993,泰国,土家族,女,单身,29883,杜記物业代理有限责任公司,学生
钟杰宏,甘肃省兰英县璧山李路,24/5/1962,韩国,高山族,男,已婚,44927,秦記通讯有限责任公司,收银员
冯云熙,安徽省博县高坪周路2403号,23/5/1971,菲律宾,苗族,男,离异,22750,待业,服务员
高致远,安徽芜湖市南陵县籍山镇界山村,23/1/1965,泰国,土家族,男,单身,66947,余記有限责任公司,学生
吕震南,西藏拉萨市墨竹工卡县唐加乡拉东村,8/3/1980,日本,朝鲜族,男,单身,6419,杰宏系统有限责任公司,白领
方宇宁,香港特别行政区北镇县翔安张街7517号,10/5/1963,美国,白族,男,单身,19916,宋記通讯有限责任公司,个体
胡岚,新疆维吾尔自治区芳县门头沟刘路i座,11/6/1962,中国台湾,壮族,女,单身,31094,宇宁玩具有限责任公司,科研人员
郭震南,河北省长春市滨城余街683号,20/11/1978,菲律宾,苗族,男,单身,15000,郭記有限责任公司,服务员
曾晓明,重庆市秀华县安次呼和浩特路,19/6/1985,韩国,高山族,男,已婚,57702,秀英玩具有限责任公司,收银员
邓璐,河南省安阳市文峰区宝莲寺镇任庄村,29/1/1965,中国台湾,壮族,女,单身,59051,待业,科研人员
彭晓明,青海省兴安盟市新城吴路,2/8/1989,中国台湾,壮族,男,单身,25630,睿电脑有限责任公司,科研人员
黄璐,四川省郑州县沙湾宁德路L座,7/7/1990,菲律宾,苗族,女,单身,28341,龙記顾问有限责任公司,服务员
田晓明,宁夏回族自治区超县合川荆门路7750号,3/10/1961,中国台湾,壮族,男,单身,24629,姜記电讯有限责任公司,科研人员
程子异,吉林松原市长岭县新安镇靠山村,25/9/1962,美国,白族,男,单身,49775,陶記有限责任公司,个体
顾睿,广西壮族自治区兴城市新城兴城路7850号,28/4/1967,中国香港,回族,男,已婚,56103,晓明有限责任公司,教师
崔詩涵,香港特别行政区淮安市高坪潮州街I座,19/10/1996,泰国,土家族,女,单身,17958,钱有限责任公司,学生
戴晓明,新疆维吾尔自治区楠县静安高路5025号,26/10/1965,泰国,土家族,男,已婚,48380,龚記顾问有限责任公司,学生
林子异,广东河源市和平县长塘镇阳坑村,2/9/1988,菲律宾,苗族,男,已婚,15000,吕記贸易有限责任公司,服务员
陈子异,湖北省咸宁市通城县隽水镇桃源村,18/10/1965,日本,朝鲜族,男,已婚,16190,邱有限责任公司,白领
顾晓明,陕西省云市萧山顾路9622号,16/4/1994,中国台湾,壮族,男,已婚,40339,黎工业有限责任公司,科研人员
高云熙,新疆维吾尔自治区银川县永川刘路3264号,18/12/1974,泰国,土家族,男,单身,59539,震南有限责任公司,学生
谭詩涵,广西壮族自治区燕市海陵永安路8614号,20/11/1984,泰国,土家族,女,已婚,19545,程記通讯有限责任公司,学生
石子异,西藏自治区静市秀英陈街878号,19/9/1978,美国,白族,男,已婚,22596,睿有限责任公司,个体
吕震南,贵州六盘水市水城县玉舍镇大田村,10/7/1965,中国台湾,壮族,男,已婚,19968,朱記贸易有限责任公司,科研人员
秦安琪,云南省坤县牧野天津街,23/5/1978,中国香港,回族,女,单身,50252,高記有限责任公司,教师
田睿,河北省明县闵行覃街V座,17/5/1987,韩国,高山族,男,单身,17111,秀英技术有限责任公司,收银员
戴致远,福建省福州市江北台北路7559号,31/7/1997,韩国,高山族,男,丧偶,15000,钱有限责任公司,收银员
夏璐,湖北省合肥市合川合肥街I座,8/9/1991,日本,朝鲜族,女,单身,15132,安琪有限责任公司,白领
董震南,贵州省嘉禾县沈河澳门街9665号,28/8/2000,美国,白族,男,单身,17683,詩涵食品有限责任公司,个体
夏宇宁,香港特别行政区佛山县大东丁街i座,2/1/1969,中国,汉族,男,单身,60448,马記有限责任公司,工人
许安琪,澳门特别行政区东县友好聂路,13/7/1992,泰国,土家族,女,单身,45993,叶贸易有限责任公司,学生
吕杰宏,西藏自治区荣市沙湾石家庄街4671号,9/6/1994,中国香港,回族,男,已婚,30074,唐有限责任公司,教师
杜岚,山西太原市万柏林区杜儿坪街道办事处河涝湾社区,20/10/1980,日本,朝鲜族,女,已婚,45024,胡电子有限责任公司,白领
姚岚,北京市辖区通州区北苑街道办事处新城南街社区,30/8/1967,日本,朝鲜族,女,已婚,36650,曹有限责任公司,白领
常璐,重庆市辖区江津区德感街道办事处红豆村,29/2/1968,美国,白族,女,已婚,18680,云熙系统有限责任公司,个体
江璐,台湾省桂珍市南长曹街,15/7/1963,中国,汉族,女,已婚,44389,致远发展贸易有限责任公司,工人
汪睿,江苏省欢市锡山罗街,25/9/1997,菲律宾,苗族,男,单身,15000,邵記顾问有限责任公司,服务员
魏璐,吉林省杰市上街辽阳路5013号,13/11/1988,韩国,高山族,女,已婚,24141,任制药有限责任公司,收银员
姚震南,福建宁德市福鼎市太姥山镇吉坑村,18/11/1971,菲律宾,苗族,男,单身,67809,嘉伦有限责任公司,服务员
蔡璐,香港特别行政区关岭市涪城陈街,28/9/1982,中国台湾,壮族,女,单身,9471,岚工业有限责任公司,科研人员
苏安琪,浙江丽水市莲都区黄村乡严溪村,29/7/1974,韩国,高山族,女,单身,21279,邵工程有限责任公司,收银员
姜子韬,广东省济南县崇文太原街3771号,19/6/1999,日本,朝鲜族,男,已婚,60125,致远有限责任公司,白领
金安琪,西藏自治区玉英县浔阳郭街1085号,16/4/1982,美国,白族,女,已婚,13182,余有限责任公司,个体
常秀英,宁夏回族自治区济南县清河南昌路J座,21/6/1990,中国,汉族,女,已婚,27198,贾記有限责任公司,工人
苏云熙,云南省潮州市高坪兴安盟路,29/3/1969,日本,朝鲜族,男,单身,51983,晓明有限责任公司,白领
张致远,西藏阿里地区改则县察布乡木布村,11/8/1968,中国,汉族,男,已婚,27531,待业,工人
马震南,河北省秀珍市沈河济南街5387号,14/7/1962,中国香港,回族,男,分居,19499,秦有限责任公司,教师
郭震南,贵州省北镇县永川齐齐哈尔路Y座,28/4/1990,菲律宾,苗族,男,单身,39859,子韬电子有限责任公司,服务员
莫詩涵,福建省武汉县门头沟武汉街X座,17/11/1976,中国香港,回族,女,已婚,32232,严有限责任公司,教师
何睿,西藏自治区洋市闵行王路b座,24/3/1975,中国台湾,壮族,男,离异,65736,杜記工业有限责任公司,科研人员
吴子韬,四川凉山彝族自治州越西县竹阿觉乡布石觉村,23/1/1997,中国香港,回族,男,单身,47016,安琪有限责任公司,教师
苏晓明,北京市邯郸市滨城合山路5814号,17/4/1983,菲律宾,苗族,男,已婚,65159,董記通讯有限责任公司,服务员
王晓明,贵州省哈尔滨市涪城通辽路,28/1/1972,菲律宾,苗族,男,已婚,14145,晓明顾问有限责任公司,服务员
于致远,安徽省丹丹县华龙马街,25/8/1965,中国香港,回族,男,已婚,26406,卢电子有限责任公司,教师
苏震南,福建省莉市孝南沈阳路i座,23/1/1977,中国,汉族,男,单身,34604,嘉伦工程有限责任公司,工人
于岚,广西壮族自治区北海市合浦县常乐镇平心村,18/10/1986,韩国,高山族,女,单身,37939,贾发展贸易有限责任公司,收银员
丁云熙,黑龙江省太原县六枝特袁街6641号,13/10/1983,韩国,高山族,男,离异,63703,岚电脑有限责任公司,收银员
陈璐,福建省台北县蓟州唐路7830号,6/8/1982,中国香港,回族,女,单身,18645,孔物业代理有限责任公司,教师
何子异,浙江省福州市涪城北镇街9271号,11/12/1976,中国香港,回族,男,已婚,64833,彭制药有限责任公司,教师
马嘉伦,河北唐山市开平区郑庄子镇郑庄子村,7/11/1985,菲律宾,苗族,男,已婚,15000,秀英有限责任公司,服务员
宋杰宏,广西壮族自治区宇县城东朱路8695号,26/6/1995,美国,白族,男,单身,29869,震南有限责任公司,个体
陈宇宁,西藏自治区佛山县金平帅路4272号,30/1/1967,中国香港,回族,男,单身,15000,宇宁有限责任公司,教师
郝云熙,河南省梧州县大兴宜都路9891号,9/5/1997,泰国,土家族,男,单身,61633,石电脑有限责任公司,学生
苏子异,浙江省衢州市衢江区太真乡下槽坞村,8/6/1970,菲律宾,苗族,男,已婚,10643,致远有限责任公司,服务员
姚宇宁,重庆市梅县山亭长沙路B座,11/6/1980,中国香港,回族,男,单身,11448,秀英有限责任公司,教师
邱晓明,新疆维吾尔自治区广州市涪城张路m座,10/6/1993,中国,汉族,男,单身,34452,子韬工程有限责任公司,工人
邱杰宏,青海省玉树藏族自治州杂多县萨呼腾镇然子滩城南,5/10/2000,中国,汉族,男,单身,12777,钱記制药有限责任公司,工人
潘云熙,澳门特别行政区淑华市新城阜新路,15/9/1977,中国台湾,壮族,男,已婚,60253,云熙有限责任公司,科研人员
汤云熙,西藏自治区畅市东丽黄路,19/2/1980,菲律宾,苗族,男,已婚,39089,云熙电脑有限责任公司,服务员
吕震南,青海省西宁市城北区廿里铺镇花园台村,5/5/2000,泰国,土家族,男,分居,9567,叶有限责任公司,学生
邵詩涵,澳门特别行政区娜县蓟州刘路D座,14/5/1976,美国,白族,女,单身,37562,秀英电子有限责任公司,个体
孙杰宏,北京市亮市友好黄街z座,28/7/1988,泰国,土家族,男,单身,16021,安琪系统有限责任公司,学生
汪詩涵,黑龙江省太原县门头沟姜街2315号,19/4/1973,韩国,高山族,女,丧偶,5329,吴电讯有限责任公司,收银员
张安琪,海南省广州市崇文六安路I座,10/9/1978,中国,汉族,女,单身,38877,曾制药有限责任公司,工人
徐睿,吉林省呼和浩特市江北洪街9077号,2/10/1999,韩国,高山族,男,单身,23193,待业,收银员
崔子异,内蒙古自治区成市朝阳邱路q座,29/12/1976,菲律宾,苗族,男,单身,24678,周記顾问有限责任公司,服务员
韩云熙,澳门特别行政区大冶市清城兴城路7404号,7/12/1985,日本,朝鲜族,男,已婚,48168,邱顾问有限责任公司,白领
刘杰宏,江西省长春市沈河袁路6365号,28/9/1997,菲律宾,苗族,男,单身,50447,晓明有限责任公司,服务员
郭岚,湖北省沈阳县白云兴安盟街,12/12/1977,韩国,高山族,女,单身,15000,邵发展贸易有限责任公司,收银员
黎子韬,湖南省六盘水县兴山张家港路,15/10/1981,韩国,高山族,男,单身,49711,安琪发展贸易有限责任公司,收银员
金子异,山东省青岛市即墨市大信镇司家疃三村,5/2/1960,中国台湾,壮族,男,单身,38824,璐食品有限责任公司,科研人员
邹子异,河南省郑州市金水区杨金路街道办事处河村,6/6/1971,泰国,土家族,男,已婚,8479,子异有限责任公司,学生
黎震南,重庆市永安市江北贵阳路3790号,3/12/1963,日本,朝鲜族,男,已婚,17183,孟有限责任公司,白领
崔晓明,山东泰安市岱岳区化马湾乡想家峪村,13/4/1993,中国,汉族,男,已婚,49884,韩記工程有限责任公司,工人
黎嘉伦,新疆维吾尔自治区辽阳县秀英漆路,20/4/1977,菲律宾,苗族,男,已婚,69587,秀英制药有限责任公司,服务员
戴宇宁,北京市市辖县密云县大城子镇庄户峪村,10/11/1991,中国香港,回族,男,单身,22940,詩涵技术有限责任公司,教师
任震南,内蒙古自治区想县大东陈街6038号,9/6/1960,中国,汉族,男,单身,11425,待业,工人
秦云熙,山东淄博市淄川区般阳路街道杏花社区,20/3/1983,日本,朝鲜族,男,已婚,44509,曾記有限责任公司,白领
莫秀英,云南省博市璧山张街8号,28/6/1973,菲律宾,苗族,女,单身,28241,云熙有限责任公司,服务员
李宇宁,江苏省建军县高坪太原路i座,10/12/1993,菲律宾,苗族,男,单身,15000,董記发展贸易有限责任公司,服务员
丁云熙,安徽省海燕县梁平边路,21/4/1998,中国,汉族,男,单身,15000,曾記物业代理有限责任公司,工人
吕安琪,湖北省荆门市东宝区子陵镇曾坡村,8/10/1979,美国,白族,女,单身,7414,震南通讯有限责任公司,个体
朱宇宁,江苏省玉珍市海陵兰州街F座,8/8/1990,泰国,土家族,男,分居,21870,致远电讯有限责任公司,学生
段嘉伦,西藏山南地区乃东县亚堆乡才朋村,19/3/1974,日本,朝鲜族,男,单身,54156,陶有限责任公司,白领
熊詩涵,江苏省兰州县沈北新张街4520号,11/4/1983,中国,汉族,女,离异,48780,云熙有限责任公司,工人
田子异,福建省海口县梁平姜路2681号,4/4/1982,中国香港,回族,男,已婚,18694,夏記有限责任公司,教师
吴致远,辽宁省重庆市普陀黄街1411号,6/5/1981,菲律宾,苗族,男,已婚,8938,董記有限责任公司,服务员
程震南,甘肃省兰州市蓟州哈尔滨路9709号,15/7/1990,中国香港,回族,男,已婚,20042,杰宏发展贸易有限责任公司,教师
孟璐,台湾省辛集县东丽刘街6060号,23/10/1976,菲律宾,苗族,女,已婚,45245,岚技术有限责任公司,服务员
武子异,贵州省拉萨市白云昆明街t座,24/7/1960,日本,朝鲜族,男,已婚,17315,待业,白领
贾子异,云南省汕尾县西峰孙街o座,9/12/1969,美国,白族,男,单身,26416,孟記有限责任公司,个体
韦璐,江苏省徐州市鼓楼区东环街道圩子,22/5/1983,中国香港,回族,女,分居,54337,杰宏通讯有限责任公司,教师
邵睿,宁夏回族自治区洋市孝南荆门路9310号,15/1/1979,韩国,高山族,男,已婚,22633,吕記制药有限责任公司,收银员
于震南,四川雅安市汉源县片马彝族乡万坪村,20/3/1980,中国香港,回族,男,单身,57128,李贸易有限责任公司,教师
莫子异,甘肃省秀华县静安齐齐哈尔路U座,17/2/1980,中国台湾,壮族,男,丧偶,53907,晓明有限责任公司,科研人员
谭杰宏,广西壮族自治区金凤县和平陈路,22/7/1999,中国,汉族,男,单身,63554,赵記工业有限责任公司,工人
熊晓明,江西省雪梅县普陀王街c座,16/7/1962,中国,汉族,男,已婚,30016,子韬电讯有限责任公司,工人
杨宇宁,北京市洋县南溪邯郸路9478号,20/11/1960,中国台湾,壮族,男,离异,61651,毛記食品有限责任公司,科研人员
尹晓明,上海市峰县华龙海口街o座,22/7/1967,菲律宾,苗族,男,已婚,40679,岚制药有限责任公司,服务员
姜云熙,广东省银川县大东广州街,20/1/1989,泰国,土家族,男,已婚,52880,胡記有限责任公司,学生
王致远,湖南省辛集市海港郭路6023号,8/1/1977,韩国,高山族,男,分居,10454,震南电子有限责任公司,收银员
于璐,上海市市辖区徐汇区康健新村街道樱花园,2/3/1981,中国台湾,壮族,女,单身,57892,史玩具有限责任公司,科研人员
高璐,北京市市辖县密云县石城镇石城村,24/9/1991,菲律宾,苗族,女,已婚,37344,嘉伦食品有限责任公司,服务员
马晓明,新疆维吾尔自治区斌市淄川许路,2/6/1996,中国台湾,壮族,男,单身,7906,嘉伦有限责任公司,科研人员
莫子韬,山西省拉萨县锡山兴城街m座,13/9/1978,泰国,土家族,男,已婚,53098,曹有限责任公司,学生
邹宇宁,新疆维吾尔自治区济南市丰都张路2370号,28/10/1965,美国,白族,男,单身,10356,杰宏有限责任公司,个体
方致远,山东省鹏市沙市刘路5910号,20/5/1974,菲律宾,苗族,男,单身,9229,云熙顾问有限责任公司,服务员
钟岚,台湾省帅市南长兴安盟街,12/6/1990,韩国,高山族,女,单身,41719,子韬工程有限责任公司,收银员
陈詩涵,广西壮族自治区惠州县城东李街,27/7/1990,中国香港,回族,女,已婚,15000,徐記食品有限责任公司,教师
邱宇宁,云南省昭通市水富县云富街道办事处团结路社区,21/6/1973,韩国,高山族,男,已婚,28016,许記有限责任公司,收银员
吴子异,重庆市宁德县梁平昆明街3208号,6/5/1962,美国,白族,男,已婚,19155,晓明通讯有限责任公司,个体
钟宇宁,河北省廊坊市大城县北位乡前张村,14/1/1967,泰国,土家族,男,已婚,19940,岚有限责任公司,学生
杨嘉伦,天津市兴城县朝阳曹路3606号,10/12/1998,泰国,土家族,男,已婚,44896,常記物业代理有限责任公司,学生
段子韬,江西省萍乡市上栗县桐木镇黄图村,2/8/1974,中国,汉族,男,单身,34464,孔有限责任公司,工人
邵秀英,台湾省南京市长寿周路2717号,6/1/1989,中国,汉族,女,单身,61493,晓明工业有限责任公司,工人
刘詩涵,湖南省帆县翔安余路6072号,24/8/1994,中国台湾,壮族,女,单身,50039,璐有限责任公司,科研人员
钟子韬,福建省丹丹市萧山永安街,18/6/1977,泰国,土家族,男,单身,12982,沈記有限责任公司,学生
顾睿,北京市市辖区西城区牛街街道办事处春风社区,15/7/1988,中国台湾,壮族,男,已婚,67217,待业,科研人员
黎杰宏,台湾省萍市长寿辛集街,17/10/1982,日本,朝鲜族,男,丧偶,23452,韦制药有限责任公司,白领
叶晓明,海南省海口市琼山区凤翔街道办三峰社区,8/1/1970,泰国,土家族,男,分居,15000,程电讯有限责任公司,学生
顾子异,广西壮族自治区沈阳市上街李路r座,11/4/1968,美国,白族,男,离异,58910,璐玩具有限责任公司,个体
沈詩涵,安徽铜陵市郊区铜山镇南泉村,11/6/1973,韩国,高山族,女,单身,41050,董工程有限责任公司,收银员
丁子异,福建省建国市兴山甘街,23/10/1995,中国台湾,壮族,男,单身,15000,子异技术有限责任公司,科研人员
郝秀英,黑龙江省潮州市长寿王街2328号,2/4/1962,韩国,高山族,女,已婚,15000,宇宁有限责任公司,收银员
苏安琪,浙江省潜江市平山魏路,8/11/1998,中国台湾,壮族,女,单身,49990,薛有限责任公司,科研人员
卢宇宁,贵州省铜仁市万山区下溪侗族乡桂花村,25/6/1973,美国,白族,男,单身,17534,莫贸易有限责任公司,个体
林岚,四川省敏市西夏王街3765号,18/2/1973,菲律宾,苗族,女,单身,62764,马記有限责任公司,服务员
黎子韬,山东省萍市魏都姜路8182号,27/6/1994,韩国,高山族,男,丧偶,15000,孔技术有限责任公司,收银员
方安琪,上海市大冶市白云辽阳路5595号,1/3/1986,中国香港,回族,女,单身,9470,沈記玩具有限责任公司,教师
袁震南,湖南省柳州县西峰天津街649号,1/7/1988,韩国,高山族,男,丧偶,65529,待业,收银员
钱詩涵,陕西省柳州市长寿高路6032号,6/11/1974,日本,朝鲜族,女,已婚,53103,岚有限责任公司,白领
汤云熙,江苏省飞县新城袁街5286号,8/6/1989,日本,朝鲜族,男,分居,20485,杨記有限责任公司,白领
夏璐,北京市莹县蓟州长沙街,29/3/1998,中国香港,回族,女,已婚,42761,待业,教师
梁璐,江西省贵阳县新城福州路j座,30/3/1992,美国,白族,女,已婚,15000,璐有限责任公司,个体
朱璐,新疆维吾尔自治区旭市大东六安路,25/1/1976,日本,朝鲜族,女,单身,18723,徐有限责任公司,白领
黄秀英,江西九江市星子县白鹿镇玉京村,10/10/1984,中国台湾,壮族,女,单身,15000,熊記系统有限责任公司,科研人员
常秀英,广东省六安市江北廖街7050号,16/6/1998,韩国,高山族,女,离异,21551,杰宏技术有限责任公司,收银员
钟璐,广东省洋县山亭杨街l座,4/8/1965,泰国,土家族,女,单身,12354,子韬技术有限责任公司,学生
陶詩涵,广西壮族自治区沈阳市南湖叶街,25/8/1965,中国,汉族,女,已婚,63855,子韬有限责任公司,工人
王詩涵,黑龙江省黑河市北安市庆华街道办事处庆新社区,28/1/1999,中国,汉族,女,已婚,34848,谢有限责任公司,工人
姜詩涵,湖北省淑兰市高港刘路9955号,24/2/1990,美国,白族,女,单身,54040,余有限责任公司,个体
武岚,黑龙江省牡丹江市西安区立新街道办事处西长安社区,10/7/1968,中国香港,回族,女,已婚,28947,秀英玩具有限责任公司,教师
侯杰宏,香港特别行政区晶县萧山东莞路8361号,19/6/1991,中国,汉族,男,离异,35278,胡記电子有限责任公司,工人
周岚,重庆市市辖区九龙坡区石板镇青龙村,18/11/1966,菲律宾,苗族,女,已婚,15000,杰宏顾问有限责任公司,服务员
曾岚,内蒙古自治区福州县安次刘路7509号,13/7/1970,韩国,高山族,女,已婚,69836,致远技术有限责任公司,收银员
郑子韬,山东省齐齐哈尔县六枝特梁街U座,3/10/1967,韩国,高山族,男,丧偶,45176,安琪技术有限责任公司,收银员
韩子韬,西藏拉萨市墨竹工卡县唐加乡拉东村,29/12/1974,菲律宾,苗族,男,离异,35709,致远通讯有限责任公司,服务员
孔嘉伦,四川省磊市南溪杨路f座,16/7/1973,美国,白族,男,已婚,24486,陆記制药有限责任公司,个体
刘宇宁,新疆维吾尔自治区张家港县上街潜江路9643号,19/7/1969,中国台湾,壮族,男,已婚,36030,郭有限责任公司,科研人员
阎云熙,台湾省南昌县滨城葛街7325号,17/5/1986,中国,汉族,男,已婚,10273,云熙有限责任公司,工人
方睿,河南省萍市双滦佛山路L座,22/1/1976,中国台湾,壮族,男,已婚,39389,震南玩具有限责任公司,科研人员
程云熙,西藏自治区广州县平山福州路6287号,2/6/1961,中国香港,回族,男,已婚,12372,致远发展贸易有限责任公司,教师
谢震南,湖南省株洲市天元区嵩山路街道大湖塘,28/11/1962,中国香港,回族,男,已婚,25453,叶电讯有限责任公司,教师
龚秀英,海南省志强市浔阳刘街34号,6/4/1975,日本,朝鲜族,女,已婚,55393,姜記有限责任公司,白领
邱璐,四川省阿坝藏族羌族自治州壤塘县岗木达乡昂柯村,8/12/1984,韩国,高山族,女,单身,67832,子异玩具有限责任公司,收银员
魏晓明,北京市永安县海陵大冶路,10/11/1981,中国台湾,壮族,男,已婚,34424,秀英有限责任公司,科研人员
贾晓明,河北省杭州市南溪哈尔滨路,2/10/1974,泰国,土家族,男,单身,61619,子韬工业有限责任公司,学生
严岚,四川巴中市通江县沙溪镇大城村,8/6/1997,美国,白族,女,单身,38341,邱記有限责任公司,个体
莫子韬,广西壮族自治区合肥县城东长沙路,30/3/1977,美国,白族,男,已婚,57253,唐記制药有限责任公司,个体
傅子韬,海南省海口市秀英区海秀镇水头村,18/7/1971,美国,白族,男,已婚,49744,宇宁电脑有限责任公司,个体
董睿,黑龙江省齐齐哈尔市克山县北兴镇红星村,20/12/1974,日本,朝鲜族,男,已婚,5770,子韬电讯有限责任公司,白领
孙璐,辽宁省福州县怀柔谷街B座,10/11/1972,菲律宾,苗族,女,已婚,33825,陆記贸易有限责任公司,服务员
赵杰宏,江苏省大冶市蓟州高路4388号,29/9/1965,美国,白族,男,已婚,17700,晓明有限责任公司,个体
袁秀英,甘肃省莹市怀柔深圳街C座,27/3/1994,菲律宾,苗族,女,单身,65510,宇宁食品有限责任公司,服务员
钟秀英,安徽省勇县锡山梅街r座,22/1/1978,美国,白族,女,已婚,43739,嘉伦有限责任公司,个体
程杰宏,西藏那曲地区索县西昌乡帕亚村,31/12/1989,中国香港,回族,男,已婚,47344,高記有限责任公司,教师
崔震南,甘肃省海口县平山谷街,28/5/1985,韩国,高山族,男,单身,52599,沈有限责任公司,收银员
秦云熙,内蒙古自治区兰州市南湖齐齐哈尔路n座,6/1/1975,韩国,高山族,男,已婚,67938,任記发展贸易有限责任公司,收银员
罗晓明,黑龙江省帅市蓟州刘街5469号,6/1/1967,韩国,高山族,男,已婚,8755,宇宁电讯有限责任公司,收银员
于秀英,云南大理白族自治州鹤庆县草海镇新华村,28/6/1982,中国香港,回族,女,已婚,12388,李記食品有限责任公司,教师
李璐,辽宁省辽阳市城东王路5382号,15/5/1998,中国香港,回族,女,离异,15000,睿食品有限责任公司,教师
邓睿,河北省承德市隆化县山湾乡庄头营村,13/12/1987,泰国,土家族,男,分居,34162,嘉伦有限责任公司,学生
林秀英,浙江省洁县清城史街43号,19/2/1993,中国,汉族,女,离异,62206,杰宏顾问有限责任公司,工人
罗震南,江苏省丽华县蓟州王街3224号,10/2/1985,泰国,土家族,男,单身,21870,子韬电讯有限责任公司,学生
唐詩涵,西藏自治区旭县城北王路7271号,18/10/1966,韩国,高山族,女,丧偶,45019,睿电脑有限责任公司,收银员
段睿,天津市林市普陀舒路u座,16/10/1989,中国台湾,壮族,男,分居,10659,程工业有限责任公司,科研人员
毛致远,河北省廊坊市霸州市胜芳镇尚堡村,23/3/2000,日本,朝鲜族,男,已婚,61076,宇宁有限责任公司,白领
张云熙,福建省欢市清浦六盘水街U座,9/9/1986,美国,白族,男,单身,5576,子异电脑有限责任公司,个体
姚安琪,西藏自治区琳县清河阜新街,10/4/1979,日本,朝鲜族,女,单身,29875,嘉伦技术有限责任公司,白领
吕詩涵,江苏省利县永川西宁街5122号,19/1/1971,中国,汉族,女,已婚,10059,杰宏工程有限责任公司,工人
韩宇宁,宁夏回族自治区固原市泾源县新民乡马河滩村,9/8/1963,中国香港,回族,男,离异,15000,向有限责任公司,教师
魏致远,广东省成都县华龙拉萨街,1/12/1985,韩国,高山族,男,已婚,56031,向記工业有限责任公司,收银员
谭致远,山东省武汉市华龙崔街7905号,18/1/1993,日本,朝鲜族,男,已婚,67539,侯記有限责任公司,白领
郭晓明,宁夏回族自治区红县城北阜新街,31/12/1996,中国台湾,壮族,男,单身,39667,梁記贸易有限责任公司,科研人员
董睿,辽宁省林市兴山王路1503号,4/6/1988,日本,朝鲜族,男,已婚,12009,林工程有限责任公司,白领
谢安琪,山西省丽丽县平山天津路,28/7/1993,中国台湾,壮族,女,已婚,45990,段电脑有限责任公司,科研人员
刘岚,辽宁省军县浔阳李街8474号,7/7/1972,中国香港,回族,女,离异,7474,宇宁玩具有限责任公司,教师
周宇宁,辽宁省强县南湖张路V座,22/3/1974,日本,朝鲜族,男,单身,15000,詩涵制药有限责任公司,白领
李震南,贵州省汕尾县萧山西宁街3863号,21/11/1961,美国,白族,男,已婚,26884,岚贸易有限责任公司,个体
赵杰宏,西藏自治区佛山县崇文陈路,14/7/1977,美国,白族,男,单身,14367,龚記有限责任公司,个体
卢致远,四川省六盘水市淄川刘街z座,25/3/1988,日本,朝鲜族,男,分居,50130,璐有限责任公司,白领
林子韬,海南省成都市闵行刘路915号,2/2/1988,中国台湾,壮族,男,单身,46305,秀英电讯有限责任公司,科研人员
熊子异,吉林省红梅县房山海门路,25/2/1964,韩国,高山族,男,单身,45684,待业,收银员
刘云熙,安徽亳州市涡阳县店集镇程小集村,15/3/1988,韩国,高山族,男,已婚,48970,韩电子有限责任公司,收银员
范安琪,浙江省乌鲁木齐县西夏顾街,6/6/1987,中国香港,回族,女,单身,49774,冯記电脑有限责任公司,教师
蒋秀英,云南省燕县合川淮安街8275号,27/3/2000,菲律宾,苗族,女,已婚,33771,子韬有限责任公司,服务员
傅震南,黑龙江齐齐哈尔市碾子山区碾子山区（镇）直辖地域龙华村,9/3/1976,中国香港,回族,男,丧偶,16948,安琪有限责任公司,教师
赵璐,四川省兰州县西夏兴城街2820号,16/8/1990,中国香港,回族,女,已婚,17864,宇宁工程有限责任公司,教师
王秀英,湖南省琳市静安惠州街R座,18/8/1993,韩国,高山族,女,丧偶,60162,致远有限责任公司,收银员
陆安琪,贵州省建市沈河李路r座,13/4/1987,泰国,土家族,女,单身,7127,孙記顾问有限责任公司,学生
傅晓明,辽宁锦州市义县刘龙台镇河南村,23/6/1994,美国,白族,男,单身,45130,待业,个体
贺嘉伦,河南省柳县普陀覃路,14/9/1981,中国,汉族,男,丧偶,19489,安琪物业代理有限责任公司,工人
黄子异,甘肃省兰英县城北廖街,11/3/1970,泰国,土家族,男,已婚,19527,邓記有限责任公司,学生
于震南,辽宁省成市双滦台北路e座,12/6/1981,日本,朝鲜族,男,已婚,16898,戴贸易有限责任公司,白领
韩詩涵,山西省丽丽县魏都刘路8097号,7/5/1989,中国,汉族,女,单身,9199,李記有限责任公司,工人
董子韬,湖北黄冈市武穴市石佛寺镇董官房村,6/9/1995,中国香港,回族,男,单身,24264,杰宏有限责任公司,教师
王岚,广东省贵阳县高坪徐街52号,29/8/1979,中国台湾,壮族,女,已婚,54881,马电脑有限责任公司,科研人员
丁杰宏,西藏自治区张家港县普陀许路,4/7/1996,中国香港,回族,男,已婚,25746,睿顾问有限责任公司,教师
刘秀英,四川省广元市剑阁县江口镇金钟村,27/9/1998,中国,汉族,女,单身,8481,秀英有限责任公司,工人
陆安琪,青海省太原市蓟州南宁街,14/4/1964,美国,白族,女,单身,63536,苏記系统有限责任公司,个体
雷宇宁,湖南省荣市白云辽阳街6569号,17/3/1976,菲律宾,苗族,男,离异,44041,震南有限责任公司,服务员
丁子异,江西省秀梅县山亭闻路,17/10/1992,泰国,土家族,男,单身,30938,震南电讯有限责任公司,学生
石安琪,云南省文县金平淮安路B座,13/7/1986,韩国,高山族,女,单身,61328,汤食品有限责任公司,收银员
钱嘉伦,甘肃省敏市璧山台北街322号,28/4/1994,日本,朝鲜族,男,已婚,43928,睿电子有限责任公司,白领
黎岚,广西壮族自治区建华市梁平刘街A座,16/7/1965,泰国,土家族,女,单身,64591,子异通讯有限责任公司,学生
邱宇宁,陕西宝鸡市金台区蟠龙镇坡头村,18/3/1970,日本,朝鲜族,男,离异,5308,待业,白领
姜子韬,青海省海门市沙湾姚路906号,27/12/1969,美国,白族,男,已婚,13859,蒋記有限责任公司,个体
郑詩涵,福建省利县海陵丁路,3/7/1988,日本,朝鲜族,女,单身,57661,戴記电脑有限责任公司,白领
胡安琪,青海省汕尾市华龙六安街,27/5/1985,美国,白族,女,单身,44555,秀英系统有限责任公司,个体
龙秀英,广东省佛山市三水区乐平镇华布村,24/11/1998,泰国,土家族,女,单身,13956,刘記工程有限责任公司,学生
韦杰宏,山西省晋城市阳城县演礼乡演礼工业园,1/8/1986,中国台湾,壮族,男,离异,8060,邹記工程有限责任公司,科研人员
方宇宁,安徽省荆门市西峰张路r座,14/3/1988,中国香港,回族,男,单身,39291,段記电子有限责任公司,教师
沈安琪,云南省玉溪市新平彝族傣族自治县戛洒镇青树社区,9/7/1960,泰国,土家族,女,单身,11493,尹有限责任公司,学生
丁睿,湖南省兰英市徐汇呼和浩特路,21/8/1994,中国,汉族,男,已婚,57894,致远通讯有限责任公司,工人
贾岚,内蒙古自治区建华县大东天津街,28/10/1989,菲律宾,苗族,女,已婚,40022,睿电子有限责任公司,服务员
尹嘉伦,北京市市辖区顺义区北务镇东地村,20/7/1966,菲律宾,苗族,男,单身,13774,子韬贸易有限责任公司,服务员
黎秀英,宁夏回族自治区嘉禾县西夏武汉街413号,23/8/1998,中国,汉族,女,单身,15000,睿电脑有限责任公司,工人
萧子韬,江苏省哈尔滨县兴山南昌路K座,14/9/1999,中国香港,回族,男,单身,30084,秀英通讯有限责任公司,教师
袁嘉伦,湖南省拉萨市淄川陈路s座,18/1/1989,中国香港,回族,男,已婚,15000,顾記物业代理有限责任公司,教师
郝安琪,辽宁省凯市浔阳孙路4932号,22/2/1983,泰国,土家族,女,已婚,35752,贺記有限责任公司,学生
贾璐,湖南省淑兰县高明张街s座,23/10/1972,泰国,土家族,女,已婚,17649,杰宏制药有限责任公司,学生
罗秀英,广东省兵县大东洪街F座,3/6/1988,菲律宾,苗族,女,单身,54111,璐有限责任公司,服务员
杨詩涵,陕西省东县涪城杭州街2430号,12/5/1988,中国,汉族,女,单身,55400,徐記有限责任公司,工人
崔晓明,吉林吉林市丰满区江南街道办事处玉华社区,23/9/1964,中国香港,回族,男,单身,15159,林記食品有限责任公司,教师
梁璐,湖南省福州市江北傅街558号,1/12/1978,中国,汉族,女,单身,32998,邹記贸易有限责任公司,工人
邵震南,内蒙古自治区秀荣市平山海门路,19/5/1960,韩国,高山族,男,单身,22822,卢贸易有限责任公司,收银员
董震南,重庆市凤英市合川福州路a座,30/7/1986,日本,朝鲜族,男,单身,33544,子异工程有限责任公司,白领
黎子韬,湖南省凤兰县海陵齐齐哈尔街O座,12/1/1994,菲律宾,苗族,男,丧偶,5358,云熙有限责任公司,服务员
侯杰宏,安徽省桂兰县兴山合肥街,7/12/1996,韩国,高山族,男,分居,22459,范記发展贸易有限责任公司,收银员
孙子异,贵州省贵阳县城北南京路Q座,25/4/1993,泰国,土家族,男,单身,42790,晓明有限责任公司,学生
曾璐,海南省嘉禾市山亭嘉禾街,25/6/1963,日本,朝鲜族,女,单身,40595,宇宁有限责任公司,白领
史秀英,宁夏回族自治区佛山县梁平马路x座,28/6/1981,中国,汉族,女,已婚,59573,范发展贸易有限责任公司,工人
严宇宁,吉林省伟市华龙张路,21/8/2000,日本,朝鲜族,男,已婚,67115,璐玩具有限责任公司,白领
马秀英,北京市市辖县密云县穆家峪镇前栗园社区,20/5/1981,日本,朝鲜族,女,丧偶,18598,子异玩具有限责任公司,白领
韦子韬,四川省银川市高坪徐路4192号,24/5/1975,韩国,高山族,男,丧偶,25221,嘉伦制药有限责任公司,收银员
余子异,四川省六盘水市海港成都路8698号,8/7/1999,中国,汉族,男,已婚,55455,刘記电讯有限责任公司,工人
张秀英,山西省合山市沙市叶路e座,6/12/1987,美国,白族,女,已婚,62654,薛有限责任公司,个体
林嘉伦,福建省宁德市福安市穆云畲族乡科后村,28/9/1964,美国,白族,男,丧偶,29644,震南工业有限责任公司,个体
莫致远,福建省丹市双滦嘉禾路4966号,19/12/1972,菲律宾,苗族,男,已婚,35292,罗記有限责任公司,服务员
雷子韬,内蒙古自治区南京县秀英刘街V座,9/4/1965,日本,朝鲜族,男,已婚,55862,子异有限责任公司,白领
蔡詩涵,广东省关岭市长寿天津路3797号,3/2/1967,菲律宾,苗族,女,离异,59903,宇宁发展贸易有限责任公司,服务员
董詩涵,贵州省倩市清城济南路1971号,25/11/1971,中国,汉族,女,丧偶,66385,睿通讯有限责任公司,工人
杨晓明,湖北省秀兰市门头沟李路h座,24/5/1989,中国台湾,壮族,男,已婚,20638,云熙玩具有限责任公司,科研人员
汤嘉伦,湖南株洲市醴陵市板杉乡长坡口村,9/3/1994,美国,白族,男,已婚,17397,马記玩具有限责任公司,个体
何安琪,江西省西安市江北长春路,9/3/1992,中国台湾,壮族,女,单身,62778,任有限责任公司,科研人员
侯宇宁,宁夏回族自治区红县海港杨街,11/8/1985,日本,朝鲜族,男,已婚,8825,睿系统有限责任公司,白领
董晓明,广东省艳市兴山宋街,23/6/1977,菲律宾,苗族,男,单身,15000,武記有限责任公司,服务员
林秀英,河南省辛集县双滦台北街v座,28/9/1990,中国香港,回族,女,已婚,23678,晓明有限责任公司,教师
邱子异,山西省哈尔滨县安次深圳街,14/11/1993,美国,白族,男,已婚,61189,熊电脑有限责任公司,个体
贾晓明,台湾省晶市丰都黄街3669号,9/3/1976,菲律宾,苗族,男,单身,24995,梁顾问有限责任公司,服务员
侯晓明,黑龙江省雪市清浦兰州路7705号,10/6/2000,美国,白族,男,单身,22275,史有限责任公司,个体
严晓明,湖北武汉市蔡甸区奓山街道办事处红焰村,26/7/1960,泰国,土家族,男,已婚,36039,孔記贸易有限责任公司,学生
朱安琪,浙江省瑞市南湖汕尾路,28/3/1984,日本,朝鲜族,女,单身,11247,龙記顾问有限责任公司,白领
冯秀英,西藏阿里地区措勤县措勤镇达东村,7/1/1969,韩国,高山族,女,已婚,22496,子异有限责任公司,收银员
蒋璐,广东省揭阳市惠来县东埔农场东埔村,3/8/1978,中国,汉族,女,已婚,40750,致远玩具有限责任公司,工人
顾云熙,内蒙古乌海市海南区巴音陶亥镇东兴村,8/11/1980,中国台湾,壮族,男,单身,38890,璐通讯有限责任公司,科研人员
曾宇宁,广东省齐齐哈尔市秀英郭路,15/4/1964,泰国,土家族,男,已婚,18452,刘电讯有限责任公司,学生
罗璐,重庆市广州县安次侯路N座,20/10/1968,中国香港,回族,女,单身,37912,秦物业代理有限责任公司,教师
赵嘉伦,台湾省乌鲁木齐县高港合肥街,11/11/1991,泰国,土家族,男,已婚,63719,许有限责任公司,学生
余嘉伦,上海市市辖区嘉定区安亭镇博泰社区,29/3/1969,日本,朝鲜族,男,已婚,28155,傅記工业有限责任公司,白领
贺子韬,宁夏回族自治区柳市高明济南路1507号,9/5/1997,中国,汉族,男,已婚,15000,睿有限责任公司,工人
薛杰宏,青海省永安市璧山武汉街4237号,5/12/1977,中国,汉族,男,已婚,20296,秀英有限责任公司,工人
郭晓明,内蒙古自治区乌海市乌达区五虎山街道办事处育红社区,16/5/1968,中国台湾,壮族,男,已婚,30251,晓明有限责任公司,科研人员
魏致远,江苏省盐城市响水县小尖镇何圩村,26/6/1979,菲律宾,苗族,男,单身,45888,孙物业代理有限责任公司,服务员
彭璐,福建省香港市翔安王街1142号,12/3/1961,日本,朝鲜族,女,已婚,60620,宇宁玩具有限责任公司,白领
孟宇宁,河南三门峡市陕县菜园乡赵原村,24/12/1986,美国,白族,男,已婚,49836,余記有限责任公司,个体
侯子韬,江苏省辛集县沈河北京路E座,14/10/1987,中国台湾,壮族,男,已婚,49957,嘉伦技术有限责任公司,科研人员
胡璐,江西省哈尔滨市沈北新赖路j座,27/3/1968,韩国,高山族,女,已婚,53144,震南有限责任公司,收银员
谢子韬,内蒙古自治区斌县新城潜江路8336号,26/3/1970,泰国,土家族,男,已婚,31286,蒋有限责任公司,学生
熊璐,浙江省秀英县大东杜街,25/4/1968,韩国,高山族,女,单身,15007,杰宏顾问有限责任公司,收银员
贺云熙,福建省琳县清河合山街T座,13/2/1974,日本,朝鲜族,男,丧偶,50801,睿食品有限责任公司,白领
邓安琪,广东省梅州市兴宁市石马镇三联村,1/7/1962,日本,朝鲜族,女,已婚,15000,岚电讯有限责任公司,白领
熊璐,宁夏回族自治区大冶县房山王街,30/3/1966,中国,汉族,女,单身,22655,震南发展贸易有限责任公司,工人
韩安琪,广西壮族自治区永安县大东张街y座,9/7/1999,美国,白族,女,分居,40138,韦記通讯有限责任公司,个体
韦晓明,陕西省洋县魏都武街,2/11/1998,美国,白族,男,已婚,11444,丁記有限责任公司,个体
李睿,安徽铜陵市铜陵县西联乡汀洲村,8/3/1961,中国,汉族,男,已婚,62887,武技术有限责任公司,工人
阎秀英,香港特别行政区晶县高坪郭街6043号,10/2/1980,美国,白族,女,分居,35889,秀英制药有限责任公司,个体
沈秀英,海南省三沙市南沙群岛永暑岛永暑岛虚拟社区,15/10/1981,泰国,土家族,女,已婚,5210,詩涵技术有限责任公司,学生
常睿,云南省俊县丰都李路,22/3/1967,韩国,高山族,男,单身,56603,顾記制药有限责任公司,收银员
王子异,青海省海南藏族自治州同德县尕巴松多镇北巴滩社区,30/3/1990,美国,白族,男,单身,25610,卢記技术有限责任公司,个体
蒋詩涵,贵州省铜仁市江口县桃映镇万沟村,25/3/1999,中国,汉族,女,已婚,30548,子韬贸易有限责任公司,工人
魏安琪,河北省南昌市萧山柳州路,24/5/1966,中国香港,回族,女,单身,35211,睿物业代理有限责任公司,教师
薛子韬,山东省北京市永川宜都街E座,1/4/1987,中国香港,回族,男,已婚,58236,钟記食品有限责任公司,教师
卢秀英,北京市市辖县延庆县延庆镇祁家堡村,10/4/1973,日本,朝鲜族,女,分居,45143,璐有限责任公司,白领
陆云熙,天津市玉市魏都冯街,29/8/1976,韩国,高山族,男,单身,34222,致远有限责任公司,收银员
罗岚,山西省东莞市清城苏路t座,8/10/1967,日本,朝鲜族,女,已婚,66330,汪記贸易有限责任公司,白领
唐子韬,宁夏回族自治区兰州市淄川雷街t座,20/5/1997,美国,白族,男,丧偶,64185,致远贸易有限责任公司,个体
夏嘉伦,新疆维吾尔自治区海燕县江北梧州路6741号,7/6/1964,中国台湾,壮族,男,已婚,34519,杰宏顾问有限责任公司,科研人员
陶子韬,黑龙江省台北市龙潭潜江街,9/6/1999,菲律宾,苗族,男,单身,36804,嘉伦有限责任公司,服务员
莫睿,广西壮族自治区浩县和平宁德街4380号,13/10/1983,美国,白族,男,已婚,20695,睿发展贸易有限责任公司,个体
许宇宁,澳门特别行政区嘉禾市高明北京街,14/10/1997,中国香港,回族,男,单身,35116,丁发展贸易有限责任公司,教师
任睿,河北省秦皇岛市北戴河区海滨镇赤土山村,24/10/1966,菲律宾,苗族,男,单身,23349,杰宏有限责任公司,服务员
邱嘉伦,河北唐山市开平区郑庄子镇郑庄子村,21/4/2000,韩国,高山族,男,单身,41842,杨記发展贸易有限责任公司,收银员
戴詩涵,浙江省金华市金东区塘雅镇施塘头村,8/11/1983,菲律宾,苗族,女,分居,42883,待业,服务员
黄致远,湖南省福州市崇文银川路,27/10/1975,日本,朝鲜族,男,已婚,54112,子韬有限责任公司,白领
黎璐,内蒙古自治区佛山市徐汇耿路7528号,9/7/1984,日本,朝鲜族,女,已婚,28172,秀英工业有限责任公司,白领
钱嘉伦,天津市楠市友好许路p座,29/4/1986,美国,白族,男,单身,60650,崔記有限责任公司,个体
雷晓明,宁夏中卫市沙坡头区柔远镇柔远村,19/9/1973,韩国,高山族,男,已婚,23925,子韬制药有限责任公司,收银员
叶子异,山西省建平县白云拉萨路r座,1/7/1978,菲律宾,苗族,男,分居,24050,彭記通讯有限责任公司,服务员
谭睿,重庆市丽市秀英杭州路,29/8/1971,中国,汉族,男,单身,56067,璐工程有限责任公司,工人
贾致远,西藏自治区山南地区隆子县扎日乡庄那村,2/5/1968,中国香港,回族,男,单身,68983,云熙发展贸易有限责任公司,教师
孟璐,福建省芳县朝阳沈阳路,12/1/1966,美国,白族,女,单身,64630,薛記工程有限责任公司,个体
薛杰宏,台湾省婷婷市清浦王路8254号,16/1/1966,美国,白族,男,已婚,34811,璐物业代理有限责任公司,个体
吴璐,湖北省昆明市山亭周街,22/12/1975,韩国,高山族,女,单身,24904,璐电讯有限责任公司,收银员
余詩涵,内蒙古自治区汕尾县长寿刘路,17/5/1977,泰国,土家族,女,单身,8930,岚电脑有限责任公司,学生
魏嘉伦,甘肃省建华市江北姚路5791号,26/9/1967,韩国,高山族,男,已婚,45241,范記电子有限责任公司,收银员
谭云熙,贵州省燕市高坪上海街9508号,31/12/1980,泰国,土家族,男,已婚,24081,马記顾问有限责任公司,学生
蒋安琪,上海市旭县高明南宁路,8/6/1997,美国,白族,女,单身,12409,任制药有限责任公司,个体
郝致远,河南南阳市宛城区新店乡彭营村,3/5/1989,韩国,高山族,男,单身,59387,致远技术有限责任公司,收银员
赵致远,广东省桂芳县浔阳北京街,9/6/1970,日本,朝鲜族,男,单身,15000,子异工程有限责任公司,白领
汪詩涵,香港特别行政区建国市高坪巢湖街166号,14/11/1976,中国,汉族,女,已婚,21698,胡电脑有限责任公司,工人
何致远,北京市武汉市和平香港路,22/6/1996,菲律宾,苗族,男,离异,25717,方物业代理有限责任公司,服务员
苏秀英,澳门特别行政区英县蓟州柳州街,1/9/1994,菲律宾,苗族,女,单身,27157,杰宏有限责任公司,服务员
罗杰宏,内蒙古自治区坤市沈北新赵路e座,5/6/1963,中国香港,回族,男,单身,60535,崔顾问有限责任公司,教师
秦致远,西藏自治区山南地区洛扎县色乡曲吉麦村,23/1/1988,中国台湾,壮族,男,单身,15000,震南有限责任公司,科研人员
许子异,湖北省玉英市魏都南京路5877号,21/10/1960,中国,汉族,男,已婚,54007,陆記有限责任公司,工人
田子韬,青海省柳州市崇文合肥街V座,2/12/1997,美国,白族,男,单身,51682,董記有限责任公司,个体
向宇宁,福建省北京县高港胡路3301号,1/10/1981,中国,汉族,男,单身,61862,云熙物业代理有限责任公司,工人
卢璐,宁夏回族自治区中卫市沙坡头区宣和镇宣和村,19/6/1971,菲律宾,苗族,女,单身,59961,子异顾问有限责任公司,服务员
于嘉伦,四川省文市江北深圳街1309号,19/1/1992,韩国,高山族,男,单身,68097,安琪有限责任公司,收银员
王杰宏,澳门特别行政区雷县沙市东莞街,28/1/1962,中国,汉族,男,已婚,38028,待业,工人
毛子韬,广东省太原县长寿侯街9708号,7/9/1983,中国台湾,壮族,男,单身,15000,待业,科研人员
孟嘉伦,山西省涛县南湖李路772号,25/10/1981,韩国,高山族,男,已婚,15000,毛記有限责任公司,收银员
徐岚,山西省东县六枝特白路,14/7/1974,日本,朝鲜族,女,单身,39353,邵玩具有限责任公司,白领
周杰宏,四川成都市邛崃市卧龙镇绵山村,26/9/1981,美国,白族,男,单身,27613,秦通讯有限责任公司,个体
丁嘉伦,天津市市辖区河东区中山门街道试验楼社区,11/9/1988,韩国,高山族,男,已婚,54476,郭发展贸易有限责任公司,收银员
雷震南,安徽铜陵市铜陵县五松镇城东村,15/5/1968,中国,汉族,男,单身,67516,璐有限责任公司,工人
邵致远,河南省澳门市城北石家庄路c座,15/10/1980,菲律宾,苗族,男,已婚,28540,任有限责任公司,服务员
丁睿,重庆市合山县魏都侯街,1/3/1979,菲律宾,苗族,男,已婚,38973,子韬物业代理有限责任公司,服务员
韦宇宁,内蒙古自治区淑珍县双滦董街,10/11/1985,中国香港,回族,男,单身,11364,致远玩具有限责任公司,教师
钱璐,安徽省安庆市望江县凉泉乡壬辰占村,25/4/1960,中国香港,回族,女,单身,18855,岚有限责任公司,教师
陈安琪,云南省雷市翔安深圳路8585号,6/4/1999,泰国,土家族,女,已婚,52853,汪記发展贸易有限责任公司,学生
方子异,山东省烟台市牟平区水道镇后刘家夼村,26/1/1963,美国,白族,男,已婚,15218,方記贸易有限责任公司,个体
严子韬,贵州省秀云县蓟州周路699号,22/1/1967,韩国,高山族,男,已婚,15000,夏有限责任公司,收银员
侯岚,河北省秀荣市永川福州路U座,4/5/1979,中国,汉族,女,已婚,66327,致远电脑有限责任公司,工人
魏宇宁,新疆维吾尔自治区昌吉回族自治州阜康市上户沟哈萨克民族乡白杨河中心村,2/5/1973,中国台湾,壮族,男,已婚,15000,詩涵有限责任公司,科研人员
钟云熙,浙江省惠州市安次张路4094号,14/5/1995,中国,汉族,男,单身,26494,岚电讯有限责任公司,工人
李杰宏,湖南省哈尔滨县安次潜江街a座,4/1/1962,中国,汉族,男,分居,47476,璐有限责任公司,工人
夏晓明,山西省阳泉市盂县牛村镇石圪塘村,19/9/1970,中国台湾,壮族,男,已婚,15000,方有限责任公司,科研人员
龚震南,安徽省刚市梁平高路i座,8/2/1972,中国香港,回族,男,单身,31700,戴記工程有限责任公司,教师
李晓明,辽宁省莹市清浦呼和浩特路,2/11/1988,菲律宾,苗族,男,丧偶,28062,任发展贸易有限责任公司,服务员
邹致远,宁夏回族自治区秀兰市清浦傅街3119号,28/10/1990,韩国,高山族,男,单身,63331,待业,收银员
段秀英,四川省峰市龙潭西宁路,20/7/1977,中国香港,回族,女,已婚,57359,宇宁有限责任公司,教师
莫詩涵,澳门特别行政区宇县滨城乌鲁木齐路r座,19/6/1965,中国香港,回族,女,单身,51670,向記工程有限责任公司,教师
侯子韬,安徽省铜陵市狮子山区西湖镇朝山村,2/8/1989,中国香港,回族,男,单身,15000,姜記有限责任公司,教师
任睿,北京市哈尔滨市和平太原街,6/9/1979,韩国,高山族,男,单身,14162,宇宁有限责任公司,收银员
贺安琪,湖南省宜都市南溪林街,23/6/1966,美国,白族,女,单身,53279,钱有限责任公司,个体
汪杰宏,云南省阳县浔阳陈街9043号,11/2/1963,中国,汉族,男,已婚,34197,魏記有限责任公司,工人
侯睿,广东惠州市惠东县高潭镇金坑村,29/7/1993,中国香港,回族,男,丧偶,62560,云熙有限责任公司,教师
秦子异,江苏省无锡市崇安区广瑞路街道广瑞二村社区,4/12/1991,中国香港,回族,男,单身,24469,云熙电脑有限责任公司,教师
贾震南,重庆市惠州市平山贵阳路,26/7/1987,日本,朝鲜族,男,已婚,65748,詩涵顾问有限责任公司,白领
方秀英,福建省静县沈北新澳门路1359号,12/2/2000,美国,白族,女,单身,5389,马記有限责任公司,个体
尹杰宏,陕西省宝鸡市麟游县崔木镇北王村,25/10/1969,日本,朝鲜族,男,单身,7004,丁記技术有限责任公司,白领
史詩涵,上海市市辖区嘉定区安亭镇博泰社区,30/5/1987,中国台湾,壮族,女,已婚,23607,睿顾问有限责任公司,科研人员
于晓明,澳门特别行政区成都县丰都郑州街,21/10/1970,泰国,土家族,男,已婚,50798,詩涵制药有限责任公司,学生
武晓明,天津市郑州市长寿徐路,26/6/1991,中国,汉族,男,单身,36324,嘉伦物业代理有限责任公司,工人
石子韬,北京市辖县延庆县千家店镇牤牛沟村,6/2/1967,中国台湾,壮族,男,单身,46288,程有限责任公司,科研人员
薛岚,广西壮族自治区钦州市钦南区尖山镇九鸦村,9/2/1977,美国,白族,女,已婚,65911,萧有限责任公司,个体
曹秀英,云南省建华市江北太原路8113号,25/8/1983,中国台湾,壮族,女,单身,22355,秀英电脑有限责任公司,科研人员
高子异,浙江省旭县怀柔南昌街U座,9/3/1960,韩国,高山族,男,离异,67604,金記有限责任公司,收银员
龚岚,广西壮族自治区建市海陵邯郸路J座,20/4/1962,韩国,高山族,女,已婚,57657,待业,收银员
赵岚,海南省阜新市六枝特石家庄路1303号,14/4/1989,中国台湾,壮族,女,单身,30407,孟記有限责任公司,科研人员
侯子异,福建省兵县西峰北京街,24/5/1974,日本,朝鲜族,男,已婚,30092,子异顾问有限责任公司,白领
方璐,青海省海西蒙古族藏族自治州天峻县新源镇日许尔牧委会,25/5/1985,中国台湾,壮族,女,已婚,45023,待业,科研人员
邹秀英,湖北省郑州市清城林街o座,10/10/1982,美国,白族,女,单身,5367,董有限责任公司,个体
刘秀英,陕西省阳县和平合肥街7063号,7/9/1967,中国台湾,壮族,女,单身,45231,韦記有限责任公司,科研人员
孟岚,山东省西安县萧山兴安盟街6501号,7/4/1980,菲律宾,苗族,女,单身,20241,谢記玩具有限责任公司,服务员
田晓明,湖南省娄底市涟源市桥头河镇新长村,23/7/1985,中国台湾,壮族,男,丧偶,55633,姜玩具有限责任公司,科研人员
熊安琪,上海市凤兰县东城宋路232号,24/6/1973,中国,汉族,女,单身,8226,谭記物业代理有限责任公司,工人
魏致远,湖北省咸宁市通城县隽水镇桃源村,18/1/1987,中国台湾,壮族,男,已婚,15000,马贸易有限责任公司,科研人员
向致远,广西壮族自治区北海市合浦县山口镇山口村,27/7/1976,中国,汉族,男,单身,21653,范記技术有限责任公司,工人
姚宇宁,河北省邢台市沙河市白塔镇樊下曹村,31/5/1982,菲律宾,苗族,男,单身,46172,戴記食品有限责任公司,服务员
唐嘉伦,黑龙江省桂芝县山亭上海路6192号,13/5/1961,菲律宾,苗族,男,已婚,15000,戴有限责任公司,服务员
史晓明,云南省武汉市西夏梧州路2017号,2/7/1962,菲律宾,苗族,男,已婚,69630,常記通讯有限责任公司,服务员
苏安琪,西藏日喀则地区吉隆县宗嘎镇贡普村,4/8/1985,中国香港,回族,女,已婚,66750,莫記物业代理有限责任公司,教师
王宇宁,浙江省柳州市徐汇成都街1631号,9/1/1991,美国,白族,男,已婚,42955,秀英工业有限责任公司,个体
张宇宁,内蒙古自治区哈尔滨市浔阳李街,21/10/1987,美国,白族,男,单身,62346,邵贸易有限责任公司,个体
熊致远,吉林省海门市萧山西安街e座,10/10/1991,美国,白族,男,离异,16651,曾工业有限责任公司,个体
孙杰宏,河南省西安市静安哈尔滨街,27/8/1973,中国台湾,壮族,男,丧偶,58511,杜記有限责任公司,科研人员
吕云熙,四川阿坝藏族羌族自治州阿坝县柯河乡伊俄村,14/11/1967,日本,朝鲜族,男,丧偶,59860,许記有限责任公司,白领
黄云熙,辽宁省广州县沙湾吴街F座,5/12/1990,美国,白族,男,单身,44153,震南有限责任公司,个体
曹岚,福建省南宁县龙潭刘街K座,29/10/1968,美国,白族,女,单身,15000,董通讯有限责任公司,个体
段璐,浙江省涛县高明宜都街,24/6/1992,日本,朝鲜族,女,已婚,7279,贾記顾问有限责任公司,白领
卢嘉伦,天津市雪县六枝特乌鲁木齐路8104号,30/4/1974,菲律宾,苗族,男,已婚,13792,璐玩具有限责任公司,服务员
郭子异,上海市丽娟县金平田街99号,15/4/1984,中国,汉族,男,已婚,24332,璐有限责任公司,工人
田秀英,吉林省梧州县六枝特盛街603号,17/12/1983,美国,白族,女,已婚,5662,晓明物业代理有限责任公司,个体
姚晓明,台湾省西宁县清城太原路1505号,8/11/1983,美国,白族,男,单身,69066,杜記食品有限责任公司,个体
向睿,香港特别行政区辛集县秀英易街q座,26/9/1984,中国台湾,壮族,男,单身,64844,陈記发展贸易有限责任公司,科研人员
于睿,四川省桂花市新城马路635号,27/9/1982,泰国,土家族,男,单身,43296,何記工业有限责任公司,学生
刘睿,云南昆明市晋宁县昆阳街道办事处普达村,4/6/1984,中国香港,回族,男,已婚,39629,陶記电子有限责任公司,教师
萧震南,陕西汉中市城固县上元观镇谢家营村,3/2/1999,美国,白族,男,丧偶,18649,致远有限责任公司,个体
姚嘉伦,河北省衡水市枣强县肖张镇后河西村,3/3/1961,菲律宾,苗族,男,已婚,63293,邹記技术有限责任公司,服务员
蔡子韬,贵州省辽阳市南长呼和浩特街e座,6/12/1981,菲律宾,苗族,男,单身,30881,董贸易有限责任公司,服务员
谭子韬,湖北省东莞县友好南宁街u座,1/1/1976,中国台湾,壮族,男,丧偶,17443,宇宁工程有限责任公司,科研人员
潘子异,福建省帆市徐汇邓路,1/9/1967,中国台湾,壮族,男,已婚,19839,璐食品有限责任公司,科研人员
崔晓明,西藏自治区秀梅县清城余街2030号,1/11/1960,泰国,土家族,男,已婚,56760,震南工程有限责任公司,学生
谭子异,云南省德宏傣族景颇族自治州芒市五岔路乡石板村,3/9/1986,中国台湾,壮族,男,已婚,5007,金有限责任公司,科研人员
周晓明,宁夏回族自治区雷市大东佛山街2877号,21/11/1975,中国台湾,壮族,男,已婚,15000,嘉伦有限责任公司,科研人员
方岚,甘肃省超县友好关岭路8628号,27/1/1975,日本,朝鲜族,女,单身,57369,郭工业有限责任公司,白领
袁宇宁,浙江省林县南湖韩街7088号,25/8/1998,泰国,土家族,男,单身,60560,秀英有限责任公司,学生
段晓明,安徽省英县南长傅路,4/10/1996,菲律宾,苗族,男,单身,15000,宇宁有限责任公司,服务员
苏宇宁,陕西咸阳市兴平市西城街道办事处药市村,28/12/1990,美国,白族,男,已婚,22881,震南贸易有限责任公司,个体
丁宇宁,青海省淑珍县怀柔刘路5685号,1/7/1973,韩国,高山族,男,已婚,33698,宇宁系统有限责任公司,收银员
郝子韬,安徽省峰市淄川郜街1547号,20/4/1972,泰国,土家族,男,已婚,6339,安琪技术有限责任公司,学生
许云熙,陕西省颖市蓟州许路3753号,25/2/1995,泰国,土家族,男,已婚,12872,嘉伦电讯有限责任公司,学生
宋震南,贵州省黔南布依族苗族自治州龙里县三元镇高坪村,11/8/1977,泰国,土家族,男,单身,14748,安琪有限责任公司,学生
史宇宁,黑龙江省洁市孝南胡路,25/2/1965,美国,白族,男,已婚,5187,待业,个体
胡宇宁,重庆市辖县秀山土家族苗族自治县龙池镇水源村,11/10/1970,中国,汉族,男,分居,56423,安琪技术有限责任公司,工人
宋致远,澳门特别行政区玉市沈河南昌路N座,23/5/1993,韩国,高山族,男,单身,14357,待业,收银员
任詩涵,海南省马鞍山县白云连街j座,18/8/1964,中国,汉族,女,丧偶,42013,致远电讯有限责任公司,工人
梁云熙,北京市辖县延庆县八达岭镇西拨子村,2/3/1962,韩国,高山族,男,单身,25880,云熙贸易有限责任公司,收银员
孔子韬,海南省慧市海港合肥路,2/11/1992,泰国,土家族,男,已婚,27558,张記电讯有限责任公司,学生
萧晓明,山西省嘉禾市清浦王街v座,6/10/1994,韩国,高山族,男,已婚,68893,杨有限责任公司,收银员
曾安琪,北京市辖区顺义区牛栏山地区办事处北孙各庄村,9/3/1981,菲律宾,苗族,女,已婚,27622,嘉伦发展贸易有限责任公司,服务员
常子异,新疆维吾尔自治区武汉市普陀拉萨街8091号,10/3/1969,韩国,高山族,男,单身,15000,待业,收银员
阎岚,西藏自治区琴县西夏林路8260号,4/10/2000,泰国,土家族,女,单身,65790,致远制药有限责任公司,学生
崔震南,青海省琳县友好梁路4299号,20/1/1999,中国台湾,壮族,男,单身,64457,沈有限责任公司,科研人员
孔杰宏,四川省阿坝藏族羌族自治州壤塘县岗木达乡昂柯村,7/1/1994,美国,白族,男,已婚,19679,岚通讯有限责任公司,个体
谭安琪,澳门特别行政区慧县南湖拉萨路6209号,21/6/2000,中国,汉族,女,分居,15000,江記有限责任公司,工人
程致远,青海省齐齐哈尔市长寿韩街,4/6/1985,美国,白族,男,已婚,15000,段記有限责任公司,个体
韦宇宁,吉林省吉林市丰满区江南街道办事处税务社区,19/2/1965,中国香港,回族,男,离异,14649,安琪电讯有限责任公司,教师
阎震南,福建省波县浔阳太原路Y座,28/9/1961,美国,白族,男,单身,37323,睿有限责任公司,个体
夏璐,广东省乌鲁木齐县翔安吴街3119号,18/1/1986,泰国,土家族,女,已婚,9437,子韬有限责任公司,学生
范睿,云南省上海市锡山朱街S座,3/8/1967,菲律宾,苗族,男,单身,15032,震南发展贸易有限责任公司,服务员
周致远,云南楚雄彝族自治州南华县沙桥镇新华村,28/6/1971,泰国,土家族,男,已婚,28565,朱記有限责任公司,学生
林震南,山东省莹市黄浦魏街Z座,9/7/1975,菲律宾,苗族,男,已婚,36624,姜工业有限责任公司,服务员
金睿,吉林省石家庄市萧山伏路5112号,24/12/1979,菲律宾,苗族,男,单身,63138,朱記电讯有限责任公司,服务员
常岚,海南省柳州县江北陈街1591号,26/4/1973,中国香港,回族,女,已婚,15000,璐电讯有限责任公司,教师
林秀英,湖南省澳门县魏都段路,8/7/1996,韩国,高山族,女,丧偶,60431,待业,收银员
孟宇宁,辽宁省雪梅市沈河南昌街W座,18/6/1982,韩国,高山族,男,单身,64057,璐物业代理有限责任公司,收银员
苏秀英,云南省文山壮族苗族自治州马关县仁和镇岩脚村,13/10/1964,美国,白族,女,已婚,43780,云熙电子有限责任公司,个体
石嘉伦,甘肃省深圳市东丽荆门街,17/11/1980,美国,白族,男,已婚,69370,江記有限责任公司,个体
秦子韬,湖北宜昌市点军区土城乡三涧溪村,19/2/1984,中国香港,回族,男,已婚,14131,钱記工程有限责任公司,教师
梁震南,江苏省永安县清城惠州路4150号,15/11/1961,日本,朝鲜族,男,单身,21526,子异有限责任公司,白领
熊睿,宁夏中卫市海原县红羊乡杨明村,19/7/1964,中国台湾,壮族,男,已婚,11864,宇宁物业代理有限责任公司,科研人员
冯致远,河北省六盘水县高坪武汉路9743号,5/9/1987,美国,白族,男,单身,25704,待业,个体
熊致远,辽宁铁岭市开原市八宝镇南四家子村,7/2/2000,菲律宾,苗族,男,已婚,69510,袁电脑有限责任公司,服务员
韦子韬,河南省焦作市马村区安阳城街道办事处安阳城村,20/7/1977,中国,汉族,男,单身,39616,崔記物业代理有限责任公司,工人
段震南,北京市辖区平谷区夏各庄镇陈太务村,29/4/2000,韩国,高山族,男,已婚,58553,璐物业代理有限责任公司,收银员
程秀英,福建莆田市仙游县大济镇尾坂村,20/10/1981,中国,汉族,女,丧偶,65506,宋記电讯有限责任公司,工人
莫秀英,广东省呼和浩特县清浦嘉禾路,11/4/1962,美国,白族,女,单身,5354,吴制药有限责任公司,个体
何致远,重庆市市辖区南岸区南山街道南山路社区,14/8/1966,中国香港,回族,男,已婚,29037,嘉伦有限责任公司,教师
黎詩涵,北京市六盘水市怀柔合肥路,26/6/1976,韩国,高山族,女,丧偶,56693,致远有限责任公司,收银员
范子韬,北京市凯市闵行刘路,2/12/1963,中国,汉族,男,单身,64365,云熙贸易有限责任公司,工人
王岚,宁夏回族自治区宜都县璧山上海街4769号,21/12/1960,菲律宾,苗族,女,单身,8469,宇宁玩具有限责任公司,服务员
陈子异,广西壮族自治区华市闵行台北路J座,1/5/1972,韩国,高山族,男,已婚,30267,魏有限责任公司,收银员
林晓明,广西壮族自治区惠州市西峰李街g座,18/3/1980,中国台湾,壮族,男,单身,60836,睿通讯有限责任公司,科研人员
贺致远,广东省成市蓟州王街9273号,29/7/1998,中国,汉族,男,单身,15986,徐物业代理有限责任公司,工人
严子异,云南省临沧市沧源佤族自治县班老乡班搞村,29/4/1989,美国,白族,男,已婚,24752,子韬电脑有限责任公司,个体
刘嘉伦,江苏省鑫市闵行刘路704号,21/4/1988,美国,白族,男,已婚,8954,璐有限责任公司,个体
汪嘉伦,内蒙古呼伦贝尔市满洲里市新开河街道办事处胜利社区,24/1/1974,韩国,高山族,男,单身,15000,熊記物业代理有限责任公司,收银员
杜致远,天津市市辖区滨海新区新河街道漓江里社区,18/2/1991,泰国,土家族,男,单身,25400,田有限责任公司,学生
张致远,广东省璐市大兴兰州街m座,21/5/1981,韩国,高山族,男,已婚,15750,于工程有限责任公司,收银员
董晓明,宁夏回族自治区石嘴山市惠农区红果子镇惠东,6/12/1984,泰国,土家族,男,单身,63924,毛記发展贸易有限责任公司,学生
王致远,新疆维吾尔自治区秀梅市魏都西宁街C座,27/11/1964,美国,白族,男,已婚,15000,璐有限责任公司,个体
戴晓明,山东省临沂市平邑县铜石镇银洞沟村,9/10/1972,中国台湾,壮族,男,单身,51069,许有限责任公司,科研人员
石子异,湖南省丽丽县大兴宜都街q座,11/8/1981,中国台湾,壮族,男,分居,22549,子异工业有限责任公司,科研人员
宋云熙,河南省斌县怀柔陈街Y座,20/11/1990,泰国,土家族,男,单身,63000,郭工程有限责任公司,学生
崔宇宁,湖北荆门市沙洋县李市镇沿河村,19/5/1966,泰国,土家族,男,丧偶,57857,汪記玩具有限责任公司,学生
曾云熙,重庆市市辖区巴南区石滩镇双寨村,22/12/1969,中国,汉族,男,单身,18840,子韬有限责任公司,工人
龙晓明,广西壮族自治区石家庄县安次邓街D座,26/9/1976,美国,白族,男,已婚,15000,詩涵有限责任公司,个体
孔震南,青海省海东市平安县石灰窑乡阳坡山村,6/5/1973,中国香港,回族,男,已婚,32764,余記有限责任公司,教师
吴晓明,甘肃省郑州市山亭香港街,27/11/1975,中国,汉族,男,单身,62711,秀英贸易有限责任公司,工人
金子异,甘肃省太原县华龙张路309号,16/4/1995,中国香港,回族,男,单身,14008,宇宁物业代理有限责任公司,教师
余秀英,吉林省贵阳市合川大冶街,8/12/1988,中国香港,回族,女,单身,20067,子异工业有限责任公司,教师
汪璐,河南漯河市郾城区龙城镇庙赵村,15/2/1991,韩国,高山族,女,已婚,11944,宇宁有限责任公司,收银员
龚安琪,河南省张家港县淄川陈路R座,23/12/1988,泰国,土家族,女,已婚,40845,待业,学生
吕嘉伦,海南省贵阳县南湖谭路6648号,7/7/1969,日本,朝鲜族,男,分居,7299,韦記玩具有限责任公司,白领
黄詩涵,吉林省松原市乾安县安字镇对字村,16/10/1986,中国,汉族,女,离异,60904,韩記工程有限责任公司,工人
范致远,云南省南宁县安次西安路4059号,31/8/1988,中国台湾,壮族,男,已婚,18913,嘉伦有限责任公司,科研人员
林秀英,辽宁省乌鲁木齐市丰都梁街1742号,11/10/1968,中国,汉族,女,离异,46522,云熙有限责任公司,工人
徐致远,贵州省梧州市合川何路I座,14/8/1977,中国香港,回族,男,单身,15000,杰宏有限责任公司,教师
杜宇宁,西藏自治区昌都地区江达县字呷乡上格日贡村,15/7/1985,中国,汉族,男,已婚,15000,罗有限责任公司,工人
姜子韬,西藏昌都地区八宿县林卡乡尼巴村,28/5/1962,中国香港,回族,男,分居,15992,莫有限责任公司,教师
姚秀英,江苏省无锡市北塘区北大街街道丽新路社区,22/9/1974,中国台湾,壮族,女,已婚,31527,子韬有限责任公司,科研人员
叶睿,云南昆明市石林彝族自治县鹿阜街道办事处清水塘村,23/3/1994,泰国,土家族,男,单身,11985,周顾问有限责任公司,学生
武安琪,四川省琴市龙潭太原街w座,2/10/1992,泰国,土家族,女,单身,18999,安琪玩具有限责任公司,学生
余子异,香港特别行政区北京县合川李街6154号,22/10/1968,泰国,土家族,男,离异,66767,震南工程有限责任公司,学生
汤安琪,贵州黔西南布依族苗族自治州安龙县栖凤办事处么塘村,30/4/1992,泰国,土家族,女,单身,54107,震南有限责任公司,学生
谢震南,云南省昆明县江北陈路3191号,16/10/1991,中国香港,回族,男,单身,26179,曹記有限责任公司,教师
韦子韬,新疆维吾尔自治区昌吉回族自治州呼图壁县兵团一零六团团部,11/1/1997,日本,朝鲜族,男,离异,54891,史記工程有限责任公司,白领
徐致远,内蒙古自治区涛市大兴蒲路39号,18/9/1992,泰国,土家族,男,已婚,30462,徐技术有限责任公司,学生
杜璐,黑龙江大兴安岭地区漠河县北极乡洛古河村,23/11/1992,菲律宾,苗族,女,单身,15000,震南有限责任公司,服务员
韩晓明,北京市石家庄市长寿彭路M座,14/9/1967,韩国,高山族,男,单身,15432,子韬系统有限责任公司,收银员
田杰宏,河南省建平县东丽董路64号,15/3/1968,中国,汉族,男,已婚,52026,马記贸易有限责任公司,工人
周安琪,山东省东莞市东丽赵路3252号,19/2/1976,中国,汉族,女,单身,15000,震南有限责任公司,工人
任睿,江苏省海燕县东丽冯街O座,7/12/1996,中国台湾,壮族,男,已婚,50007,安琪制药有限责任公司,科研人员
王秀英,福建省阳县锡山香港路,30/3/1996,中国,汉族,女,单身,21822,秀英贸易有限责任公司,工人
韩震南,内蒙古兴安盟阿尔山市阿尔山市天池镇柴河村,29/1/1969,菲律宾,苗族,男,分居,48898,岚有限责任公司,服务员
袁晓明,新疆维吾尔自治区英市城北汕尾街25号,25/5/2000,泰国,土家族,男,已婚,67182,贺記有限责任公司,学生
汪睿,河北省想县沙市呼和浩特街v座,26/4/1962,泰国,土家族,男,已婚,17494,向記有限责任公司,学生
郭子异,广东省宇县友好哈尔滨街,31/10/1993,美国,白族,男,已婚,26628,程記有限责任公司,个体
崔子韬,湖南岳阳市岳阳县公田镇桢祥村,6/7/1974,日本,朝鲜族,男,单身,32154,毛記有限责任公司,白领
任睿,重庆市超县沈北新佛山路r座,23/7/1967,韩国,高山族,男,单身,26190,子韬工业有限责任公司,收银员
阎秀英,山西省邯郸市沙市马鞍山路,8/6/1992,菲律宾,苗族,女,单身,64002,震南有限责任公司,服务员
汪安琪,安徽省凤英县翔安合肥路911号,20/7/1978,泰国,土家族,女,丧偶,18657,震南电脑有限责任公司,学生
余震南,吉林省丽娟县新城南宁街,12/12/1984,泰国,土家族,男,单身,23812,黄食品有限责任公司,学生
史杰宏,内蒙古自治区嘉禾县闵行兴安盟街M座,2/6/1975,中国,汉族,男,已婚,57835,邹記工业有限责任公司,工人
胡杰宏,江西上饶市铅山县紫溪乡铺前村,2/10/1976,中国台湾,壮族,男,单身,45025,待业,科研人员
田詩涵,四川省峰市孝南许街2781号,22/4/1964,菲律宾,苗族,女,单身,15000,子异通讯有限责任公司,服务员
黄子异,湖北省建华县和平嘉禾路,24/10/1995,美国,白族,男,已婚,41993,龚記顾问有限责任公司,个体
林睿,湖南省六盘水市海港杨路9322号,5/8/1972,美国,白族,男,已婚,37368,张食品有限责任公司,个体
严子异,山东省沈阳县牧野张路8086号,1/4/1996,中国台湾,壮族,男,单身,59592,安琪玩具有限责任公司,科研人员
许子韬,山东省南昌县清城李街,11/4/1971,菲律宾,苗族,男,离异,15000,安琪有限责任公司,服务员
韩詩涵,福建省娜县清浦海门路y座,17/7/1969,菲律宾,苗族,女,单身,16953,孔記贸易有限责任公司,服务员
李震南,浙江省亮市安次杨路6134号,29/6/1965,菲律宾,苗族,男,单身,38596,秀英有限责任公司,服务员
曹子韬,吉林省秀梅县南溪倪路W座,21/8/1993,泰国,土家族,男,已婚,59418,震南有限责任公司,学生
范晓明,吉林白山市抚松县长白山保护开发区管委会池南区（特殊乡镇）锦江社区,18/4/1973,韩国,高山族,男,单身,14647,龚記有限责任公司,收银员
叶晓明,宁夏吴忠市同心县韦州镇石峡村,7/11/1965,泰国,土家族,男,已婚,8578,子韬贸易有限责任公司,学生
陆云熙,贵州省贵阳县丰都佛山街677号,26/2/1988,菲律宾,苗族,男,已婚,15000,杰宏玩具有限责任公司,服务员
李璐,上海市辖区长宁区虹桥街道虹储,1/12/1979,韩国,高山族,女,单身,41824,雷記顾问有限责任公司,收银员
熊震南,青海海南藏族自治州共和县恰卜恰镇西香卡村,8/3/1980,菲律宾,苗族,男,单身,34724,震南工程有限责任公司,服务员
曾晓明,西藏自治区小红市大兴乌鲁木齐街7142号,12/7/1988,泰国,土家族,男,丧偶,53028,詩涵顾问有限责任公司,学生
宋岚,河南驻马店市正阳县大林镇涂楼村,11/8/1990,中国台湾,壮族,女,已婚,13929,晓明物业代理有限责任公司,科研人员
徐子韬,广东省沈阳县淄川朱街h座,8/7/1996,菲律宾,苗族,男,分居,14551,戴顾问有限责任公司,服务员
黄秀英,辽宁省重庆市永川冯路1081号,3/11/1962,韩国,高山族,女,单身,6545,蔡記技术有限责任公司,收银员
丁杰宏,陕西省鑫县永川马鞍山街,12/2/1979,泰国,土家族,男,单身,38784,史有限责任公司,学生
孔晓明,辽宁省英市蓟州袁路,29/4/1969,韩国,高山族,男,丧偶,39707,姚記电子有限责任公司,收银员
胡睿,海南省琴县清城乌鲁木齐路U座,1/10/1974,中国,汉族,男,已婚,15000,孟工程有限责任公司,工人
萧子韬,云南普洱市宁洱哈尼族彝族自治县宁洱镇新塘村,31/12/1999,中国台湾,壮族,男,已婚,47955,晓明有限责任公司,科研人员
余宇宁,安徽省淮北市杜集区矿山集街道办事处徐庄社区,19/3/1984,菲律宾,苗族,男,已婚,25165,待业,服务员
孟子异,湖南省北京市清河梧州街Q座,16/9/1996,日本,朝鲜族,男,已婚,42037,萧記电讯有限责任公司,白领
高晓明,广东珠海市金湾区平沙镇美平社区,11/1/1992,中国香港,回族,男,单身,60151,嘉伦有限责任公司,教师
曹睿,陕西省斌县南湖王街m座,11/3/1997,菲律宾,苗族,男,已婚,36585,史有限责任公司,服务员
黎璐,海南省太原市城北马鞍山路u座,19/5/1978,中国香港,回族,女,已婚,37028,叶記工程有限责任公司,教师
苏睿,辽宁省葫芦岛市龙港区玉皇街道海翔社区,25/5/1972,中国香港,回族,男,已婚,11540,郭有限责任公司,教师
曾秀英,西藏自治区秀云县平山西安街,8/12/1964,菲律宾,苗族,女,离异,17866,彭記贸易有限责任公司,服务员
冯嘉伦,湖北省嘉禾市孝南澳门路8425号,16/8/1985,中国香港,回族,男,已婚,28711,程記技术有限责任公司,教师
曾岚,西藏自治区兰州市龙潭唐路9201号,4/10/1964,韩国,高山族,女,单身,15000,冯記有限责任公司,收银员
高詩涵,内蒙古自治区巴彦淖尔市乌拉特前旗大佘太镇红明村,12/2/1961,日本,朝鲜族,女,丧偶,55063,宇宁有限责任公司,白领
范璐,重庆市市辖区南岸区铜元局街道办事处上海城社区,28/12/1961,日本,朝鲜族,女,单身,43089,杰宏发展贸易有限责任公司,白领
冯詩涵,香港特别行政区峰市永川孟街,21/1/1964,日本,朝鲜族,女,分居,6334,秀英工业有限责任公司,白领
程子异,澳门特别行政区龙市双滦上海街t座,7/5/1967,泰国,土家族,男,已婚,47916,睿有限责任公司,学生
马杰宏,安徽省拉萨市崇文王街7660号,24/5/1968,菲律宾,苗族,男,单身,17507,宇宁有限责任公司,服务员
袁晓明,江西省潜江市东丽关岭路M座,10/5/1982,中国香港,回族,男,单身,21301,秀英发展贸易有限责任公司,教师
范子韬,河南省合肥市友好西宁路9824号,9/9/1960,韩国,高山族,男,已婚,39640,宇宁技术有限责任公司,收银员
卢云熙,上海市凤兰市高坪海门路7226号,19/5/1980,中国香港,回族,男,单身,18159,蒋記有限责任公司,教师
朱宇宁,四川雅安市汉源县片马彝族乡万坪村,30/6/1978,美国,白族,男,离异,19381,范贸易有限责任公司,个体
姚致远,湖北省合肥县华龙朱街m座,28/8/1983,中国,汉族,男,丧偶,15000,姚顾问有限责任公司,工人
高子异,河南省建华市南湖黄路7289号,2/2/1990,中国,汉族,男,已婚,46059,叶記贸易有限责任公司,工人
吕岚,青海省南昌县萧山龙街1000号,26/7/1964,泰国,土家族,女,已婚,28219,范記电讯有限责任公司,学生
黄詩涵,贵州省燕县花溪李路,12/3/1962,菲律宾,苗族,女,单身,27514,余有限责任公司,服务员
谢宇宁,澳门特别行政区海门县淄川江街1400号,16/2/1989,中国香港,回族,男,已婚,43181,璐有限责任公司,教师
罗震南,河北省保定市安国市祁州镇东大街村,1/1/1981,泰国,土家族,男,单身,37925,致远物业代理有限责任公司,学生
阎震南,青海省海西蒙古族藏族自治州都兰县察汉乌苏镇东山根中村,30/6/1970,中国,汉族,男,已婚,51904,岚贸易有限责任公司,工人
廖璐,安徽六安市金寨县吴家店镇吴家店村,29/5/1976,中国,汉族,女,离异,50940,郑电讯有限责任公司,工人
钱震南,西藏自治区军县清河郑州街,11/9/1980,中国,汉族,男,离异,26511,程記有限责任公司,工人
刘詩涵,湖南省桂香县浔阳卢街,13/8/1963,泰国,土家族,女,单身,17864,刘电脑有限责任公司,学生
陶杰宏,内蒙古自治区宇市涪城上海路4587号,30/5/1991,中国,汉族,男,丧偶,15000,傅制药有限责任公司,工人
张震南,湖南省潮州市永川蒋路4980号,25/7/1965,中国,汉族,男,单身,23701,待业,工人
严震南,天津市福州县蓟州合山街,13/9/1983,中国台湾,壮族,男,已婚,26991,贺电子有限责任公司,科研人员
郑子韬,贵州省华市崇文太原街8281号,12/8/2000,日本,朝鲜族,男,单身,55120,孙食品有限责任公司,白领
阎子韬,福建省银川市华龙谢路7722号,29/1/1963,中国台湾,壮族,男,单身,15000,待业,科研人员
曾杰宏,青海玉树藏族自治州治多县扎河乡大旺牧委会,2/6/1960,日本,朝鲜族,男,已婚,29043,晓明物业代理有限责任公司,白领
吴子异,重庆市市辖区江北区观音桥街道办事处鸿恩寺社区,22/1/1960,中国台湾,壮族,男,已婚,22462,晓明有限责任公司,科研人员
徐安琪,河南省西宁市上街太原街V座,16/2/1963,中国台湾,壮族,女,单身,15000,朱有限责任公司,科研人员
宋岚,广东省宜都市上街刘街e座,12/11/1991,日本,朝鲜族,女,单身,60804,傅有限责任公司,白领
林安琪,甘肃省敏市平山长沙路f座,5/6/1998,中国台湾,壮族,女,单身,24282,晓明工业有限责任公司,科研人员
龙致远,天津市斌县东丽太原路,28/12/1967,中国,汉族,男,单身,26860,睿电讯有限责任公司,工人
叶嘉伦,贵州省宁市崇文陈街,10/6/1995,中国香港,回族,男,已婚,15000,待业,教师
傅子异,西藏林芝地区工布江达县朱拉乡嘎唐村,26/8/1988,中国香港,回族,男,已婚,14949,致远有限责任公司,教师
胡晓明,山东省南昌县双滦晏路901号,22/8/1979,韩国,高山族,男,单身,18410,傅記发展贸易有限责任公司,收银员
田詩涵,安徽省阜新市新城桂路,10/10/1987,中国香港,回族,女,已婚,66406,任記食品有限责任公司,教师
严震南,吉林延边朝鲜族自治州珲春市春化镇东兴镇村,18/6/1977,中国台湾,壮族,男,单身,14028,晓明电脑有限责任公司,科研人员
邓云熙,重庆市桂芝县上街杨路2458号,7/8/1976,泰国,土家族,男,已婚,24108,韦記有限责任公司,学生
任杰宏,黑龙江省霞市翔安蔡街2008号,3/1/1997,泰国,土家族,男,已婚,54389,子韬工业有限责任公司,学生
孔睿,河北省昆明县南长巢湖路4566号,1/11/1982,菲律宾,苗族,男,已婚,29323,林記有限责任公司,服务员
谭睿,河南省周口市鹿邑县鸣鹿办事处王大挂,16/12/1981,美国,白族,男,已婚,66713,子韬通讯有限责任公司,个体
张震南,湖北荆门市沙洋县李市镇沿河村,12/5/1998,美国,白族,男,单身,55561,崔記技术有限责任公司,个体
董秀英,广东省澳门县浔阳罗路v座,31/8/1996,日本,朝鲜族,女,已婚,55235,晓明有限责任公司,白领
罗杰宏,河北唐山市乐亭县汀流河镇张王庄村,22/7/1988,日本,朝鲜族,男,已婚,15000,晓明工程有限责任公司,白领
吴震南,天津市柳县友好谢街,16/12/1985,菲律宾,苗族,男,已婚,15000,金物业代理有限责任公司,服务员
邹宇宁,海南省三沙市西沙群岛永兴岛永兴岛虚拟社区,30/5/1987,中国,汉族,男,已婚,15000,萧記贸易有限责任公司,工人
郑晓明,青海省海北藏族自治州刚察县三角城种羊场二大队,6/12/1978,韩国,高山族,男,已婚,15000,云熙贸易有限责任公司,收银员
钱安琪,浙江省哈尔滨县华龙南宁街415号,12/10/1978,泰国,土家族,女,已婚,39058,杰宏通讯有限责任公司,学生
李宇宁,陕西省商洛市商州区北宽坪镇寺沟村,2/5/1978,中国,汉族,男,已婚,63843,致远有限责任公司,工人
傅杰宏,陕西省榆林市子洲县电市镇李家河村,6/10/1976,韩国,高山族,男,丧偶,23852,待业,收银员
孙岚,湖南省西安市房山成路e座,31/8/1991,菲律宾,苗族,女,单身,15000,晓明系统有限责任公司,服务员
张致远,北京市辖县密云县高岭镇郝家台村,24/9/1967,中国香港,回族,男,已婚,51592,龙贸易有限责任公司,教师
秦璐,云南省通辽市门头沟东莞街,7/4/1976,中国台湾,壮族,女,丧偶,30495,云熙有限责任公司,科研人员
龚詩涵,四川省建华市黄浦李路V座,5/10/1995,中国,汉族,女,单身,23296,安琪有限责任公司,工人
唐嘉伦,黑龙江鹤岗市东山区东山街道办事处滨河社区,12/8/1991,菲律宾,苗族,男,单身,19221,嘉伦玩具有限责任公司,服务员
高璐,广东省沈阳县西夏韩路K座,8/11/1978,菲律宾,苗族,女,单身,66973,子韬发展贸易有限责任公司,服务员
钟安琪,香港特别行政区荣市龙潭昆明路5477号,23/12/1998,中国,汉族,女,已婚,31665,叶工业有限责任公司,工人
徐宇宁,贵州省毕节市金沙县鼓场街道办事处太极村,25/2/1961,中国台湾,壮族,男,单身,62223,袁制药有限责任公司,科研人员
田嘉伦,湖南省鹏市清城杨路,21/10/1987,中国,汉族,男,单身,52688,云熙物业代理有限责任公司,工人
冯璐,山东省汕尾县璧山合山街,30/7/1980,日本,朝鲜族,女,单身,58043,常記有限责任公司,白领
陶杰宏,青海海南藏族自治州兴海县龙藏乡日旭村,14/5/1965,美国,白族,男,已婚,15264,震南有限责任公司,个体
武云熙,宁夏回族自治区银川市金凤区满城北街街道办事处立交桥社区,12/12/1993,韩国,高山族,男,已婚,25425,詩涵有限责任公司,收银员
薛宇宁,广西壮族自治区广州县涪城徐街7159号,18/2/1990,菲律宾,苗族,男,单身,67221,侯記有限责任公司,服务员
曾璐,内蒙古自治区秀珍市东城深圳街6233号,9/4/1978,韩国,高山族,女,单身,30937,吕工业有限责任公司,收银员
叶子韬,陕西省鹏县淄川天津路,23/10/1967,泰国,土家族,男,单身,9571,曾記有限责任公司,学生
贺安琪,河北省坤县江北甘路D座,15/6/1973,泰国,土家族,女,离异,67783,秀英有限责任公司,学生
汪秀英,四川省阿坝藏族羌族自治州小金县沙龙乡松光村,12/1/1999,菲律宾,苗族,女,已婚,37013,薛电讯有限责任公司,服务员
秦震南,北京市拉萨市西峰耿街H座,4/4/1968,中国台湾,壮族,男,单身,26412,待业,科研人员
姚詩涵,内蒙古自治区南宁县秀英六盘水路,11/1/1980,泰国,土家族,女,单身,11487,子韬有限责任公司,学生
熊璐,浙江省畅市璧山陈街,9/1/1970,中国,汉族,女,单身,69525,子异通讯有限责任公司,工人
罗詩涵,浙江省鑫县清城邓街8167号,13/10/1960,韩国,高山族,女,单身,58750,宇宁技术有限责任公司,收银员
姚嘉伦,湖南省湘潭市韶山市清溪镇石忠村,18/9/1964,泰国,土家族,男,单身,20708,待业,学生
毛晓明,广西贺州市富川瑶族自治县福利镇毛家村,3/6/1961,美国,白族,男,已婚,60621,震南工程有限责任公司,个体
龙震南,河南省邯郸县东城傅街U座,22/8/1997,中国香港,回族,男,分居,26717,韦記贸易有限责任公司,教师
高秀英,新疆维吾尔自治区敏市城东关岭路8823号,26/2/1983,日本,朝鲜族,女,离异,63859,苏記有限责任公司,白领
廖安琪,台湾省玉兰市璧山长沙街5240号,31/8/1983,中国,汉族,女,单身,15000,江記物业代理有限责任公司,工人
郑致远,黑龙江省邯郸市海港李街t座,30/9/1989,美国,白族,男,单身,5584,震南电子有限责任公司,个体
邹震南,广西壮族自治区佳市沙市台北街,11/10/1964,韩国,高山族,男,已婚,20111,岚有限责任公司,收银员
崔震南,河北邢台市巨鹿县堤村乡西佛寨村,7/3/1975,美国,白族,男,已婚,63876,待业,个体
钱致远,云南西双版纳傣族自治州勐海县勐阿镇曼迈村,10/9/1969,韩国,高山族,男,已婚,15000,致远食品有限责任公司,收银员
杜璐,四川省西宁县华龙张街N座,1/5/1971,中国,汉族,女,分居,7416,杰宏工业有限责任公司,工人
朱震南,山东省南京市普陀齐齐哈尔街,10/9/1997,泰国,土家族,男,已婚,30474,魏发展贸易有限责任公司,学生
尹嘉伦,台湾省凯市蓟州杜路B座,9/6/1979,中国香港,回族,男,单身,37959,詩涵有限责任公司,教师
任子异,河北省红梅市萧山彭路l座,20/12/1996,中国台湾,壮族,男,单身,25876,震南技术有限责任公司,科研人员
曹杰宏,广东省鑫县大东包路,18/12/1996,中国台湾,壮族,男,单身,7535,致远有限责任公司,科研人员
邓宇宁,重庆市南昌县吉区邓街Z座,3/6/1962,中国台湾,壮族,男,丧偶,48609,岚有限责任公司,科研人员
董詩涵,北京市市辖县延庆县永宁镇头司村,28/9/1997,中国香港,回族,女,已婚,23557,璐物业代理有限责任公司,教师
傅詩涵,江西省萍乡市上栗县桐木镇黄图村,24/7/1986,中国香港,回族,女,已婚,10398,嘉伦系统有限责任公司,教师
沈子异,黑龙江省石家庄县东城吴路,28/3/1992,美国,白族,男,单身,35348,宇宁顾问有限责任公司,个体
姚子异,重庆市合肥市沙市周路j座,11/5/1962,日本,朝鲜族,男,丧偶,15000,子异有限责任公司,白领
徐杰宏,黑龙江省成都市南湖汪路6746号,22/4/1964,日本,朝鲜族,男,单身,19012,胡記系统有限责任公司,白领
彭嘉伦,香港特别行政区丽市怀柔福州路2365号,16/3/1987,中国,汉族,男,单身,65443,待业,工人
史秀英,吉林省昆明市金平南宁路,3/7/1971,泰国,土家族,女,已婚,63024,詩涵有限责任公司,学生
尹晓明,广西钦州市钦北区板城镇众仁村,8/5/1964,韩国,高山族,男,单身,21562,阎有限责任公司,收银员
姚秀英,重庆市辖区南川区石莲乡松峰村,7/11/1961,中国,汉族,女,单身,27134,震南工业有限责任公司,工人
夏詩涵,宁夏回族自治区固原市泾源县黄花乡庙湾村,25/3/1972,日本,朝鲜族,女,已婚,65793,秀英工业有限责任公司,白领
崔詩涵,浙江绍兴市嵊州市甘霖镇查村,15/6/1973,中国,汉族,女,已婚,12431,子韬顾问有限责任公司,工人
罗子韬,山西省澳门县长寿陈路6416号,12/12/1985,日本,朝鲜族,男,已婚,27672,戴有限责任公司,白领
邹睿,江西省福州市沈河北京路8557号,21/7/1980,韩国,高山族,男,单身,15000,郭电脑有限责任公司,收银员
杜震南,河南省雪梅市南长王街,25/8/1963,菲律宾,苗族,男,单身,15000,待业,服务员
姜嘉伦,湖北省荆州市石首市团山寺镇曹家场村,10/5/1963,韩国,高山族,男,单身,17792,罗記制药有限责任公司,收银员
邓嘉伦,湖南益阳市赫山区龙光桥镇欧阳塘村,9/3/1983,中国,汉族,男,已婚,33427,晓明有限责任公司,工人
向晓明,山东省香港县城北石家庄路,10/3/1964,美国,白族,男,已婚,12884,杰宏制药有限责任公司,个体
潘秀英,山西省宜都县山亭张家港路3225号,6/6/1964,美国,白族,女,已婚,66230,林发展贸易有限责任公司,个体
范晓明,湖南省海门市友好哈尔滨街i座,23/10/1985,美国,白族,男,单身,53489,子异系统有限责任公司,个体
唐秀英,江苏省春梅市和平上海街u座,11/2/1963,中国台湾,壮族,女,已婚,12811,谭有限责任公司,科研人员
任震南,安徽省秀珍市丰都毛路4732号,22/4/1984,泰国,土家族,男,已婚,7243,贺有限责任公司,学生
严安琪,浙江舟山市定海区干览镇双庙村,2/9/1992,中国台湾,壮族,女,已婚,12694,蔡記有限责任公司,科研人员
江岚,广东省丽丽县秀英马路b座,18/3/1999,日本,朝鲜族,女,单身,47430,秀英发展贸易有限责任公司,白领
彭子异,湖北省玉县大兴许路m座,15/1/1963,泰国,土家族,男,已婚,48307,刘記顾问有限责任公司,学生
江睿,山东菏泽市鄄城县箕山镇东徐垓村,19/1/1979,中国香港,回族,男,已婚,24836,韩有限责任公司,教师
薛云熙,陕西省淑华县牧野陈路718号,26/2/1970,泰国,土家族,男,单身,10212,安琪有限责任公司,学生
秦宇宁,广东省惠州市惠东县铁涌镇新建村,26/1/1962,美国,白族,男,单身,17441,赵制药有限责任公司,个体
蒋秀英,天津市淑英县淄川陈街J座,4/6/1966,中国台湾,壮族,女,单身,68889,罗有限责任公司,科研人员
金震南,海南省省直辖县级行政区划文昌市东路镇东路村,14/11/1966,美国,白族,男,已婚,13803,待业,个体
钱宇宁,内蒙古自治区武汉县涪城秦街3924号,20/8/1967,日本,朝鲜族,男,单身,54074,范記物业代理有限责任公司,白领
郑子异,云南省红河哈尼族彝族自治州建水县利民乡清江村,29/9/1960,泰国,土家族,男,已婚,15000,嘉伦有限责任公司,学生
陈詩涵,安徽蚌埠市禹会区长青乡黄山村,15/3/1974,菲律宾,苗族,女,单身,46284,蒋电子有限责任公司,服务员
黄宇宁,甘肃省荆门县新城曲街,6/8/1965,中国香港,回族,男,单身,47504,子韬制药有限责任公司,教师
孟致远,河北省秦皇岛市昌黎县新集镇徐杜庄村,29/3/1967,泰国,土家族,男,单身,45333,璐电讯有限责任公司,学生
熊璐,青海省宇县梁平陈路3501号,1/5/1987,美国,白族,女,单身,33233,彭記玩具有限责任公司,个体
孟秀英,山东省海门县长寿马鞍山路,8/1/1978,美国,白族,女,单身,15000,夏有限责任公司,个体
杜岚,上海市明县萧山嘉禾街,26/1/1992,中国香港,回族,女,离异,47827,岚发展贸易有限责任公司,教师
常宇宁,甘肃省乌鲁木齐市沈北新哈尔滨路6533号,2/5/1986,泰国,土家族,男,单身,33784,安琪有限责任公司,学生
江岚,浙江丽水市莲都区黄村乡严溪村,4/12/1991,中国,汉族,女,离异,20411,安琪电脑有限责任公司,工人
胡子韬,内蒙古自治区乌海市乌达区五虎山街道办事处育红社区,13/1/1969,韩国,高山族,男,已婚,34401,秀英玩具有限责任公司,收银员
于云熙,山西省晋城市沁水县土沃乡王庄村,25/11/1960,泰国,土家族,男,单身,5936,黎記有限责任公司,学生
姜璐,辽宁省锦州市黑山县常兴镇聂家村,26/8/1994,泰国,土家族,女,丧偶,58409,待业,学生
董岚,福建省宁县永川深圳街,27/2/1970,韩国,高山族,女,单身,69155,晓明有限责任公司,收银员
高岚,河北省海口市安次李路3638号,28/9/1970,韩国,高山族,女,已婚,17845,傅記贸易有限责任公司,收银员
崔嘉伦,上海市武汉县城东蒋街5850号,12/9/1985,菲律宾,苗族,男,丧偶,43351,詩涵玩具有限责任公司,服务员
刘云熙,西藏自治区六安市高明大冶街,10/6/1985,日本,朝鲜族,男,已婚,19743,沈記有限责任公司,白领
傅子异,内蒙古自治区关岭市永川鲁路7663号,13/9/1974,中国台湾,壮族,男,已婚,60731,胡贸易有限责任公司,科研人员
董睿,青海省乌鲁木齐县金平袁路5731号,14/12/1961,中国,汉族,男,离异,64370,侯記通讯有限责任公司,工人
周岚,辽宁省大冶市永川大冶路4093号,23/8/1965,菲律宾,苗族,女,单身,15833,林記发展贸易有限责任公司,服务员
陶杰宏,河北省阜新县蓟州褚路,2/7/1978,泰国,土家族,男,离异,60324,詩涵有限责任公司,学生
姜子韬,台湾省惠州县东城呼和浩特街,10/1/1981,韩国,高山族,男,已婚,35856,秀英有限责任公司,收银员
卢璐,湖北省娟县花溪巢湖街2311号,8/9/1989,中国,汉族,女,已婚,45492,致远电讯有限责任公司,工人
阎岚,黑龙江省军县六枝特潮州路5892号,12/9/1993,韩国,高山族,女,已婚,48281,罗有限责任公司,收银员
魏震南,河南驻马店市汝南县梁祝镇马北,11/9/1961,日本,朝鲜族,男,离异,11783,严記有限责任公司,白领
陈睿,澳门特别行政区六安县吉区南京路,21/4/1967,泰国,土家族,男,已婚,15000,夏电子有限责任公司,学生
田詩涵,广西壮族自治区石家庄市永川李街4301号,19/6/1980,中国香港,回族,女,已婚,36065,詩涵顾问有限责任公司,教师
郝子韬,北京市市辖区海淀区北下关街道办事处青云南区社区,16/1/1972,美国,白族,男,已婚,24777,汤記电讯有限责任公司,个体
史晓明,山西省运城市盐湖区北城街道办事处北苑新村社区,30/9/1981,美国,白族,男,单身,60990,震南工业有限责任公司,个体
严晓明,内蒙古自治区南昌县白云呼和浩特街,23/7/1966,美国,白族,男,已婚,50644,震南有限责任公司,个体
姚子异,吉林省潜江市黄浦哈尔滨路4628号,5/11/1977,美国,白族,男,单身,55363,钟有限责任公司,个体
龚岚,西藏那曲地区聂荣县索雄乡提玛村,12/6/1981,韩国,高山族,女,已婚,22041,嘉伦电讯有限责任公司,收银员
徐安琪,安徽省琳县普陀哈尔滨路5008号,14/8/1965,韩国,高山族,女,已婚,15000,于有限责任公司,收银员
余云熙,山东省德州市乐陵市郑店镇刘呈基村,13/5/1992,美国,白族,男,已婚,38937,杰宏有限责任公司,个体
江震南,山西忻州市偏关县老营镇贾堡村,5/3/1991,菲律宾,苗族,男,单身,31179,江記食品有限责任公司,服务员
罗子韬,江苏省桂兰市山亭陆街G座,12/7/1987,美国,白族,男,单身,69996,嘉伦电子有限责任公司,个体
金嘉伦,湖南省秀珍市淄川宜都路6127号,22/10/1974,泰国,土家族,男,已婚,23584,子韬有限责任公司,学生
顾子韬,浙江省建平县花溪惠州路,27/11/1963,泰国,土家族,男,丧偶,21873,致远有限责任公司,学生
曹安琪,甘肃省勇市白云武汉路,25/12/1965,中国香港,回族,女,已婚,15000,待业,教师
梁秀英,吉林省建国市魏都潮州路,13/6/2000,中国,汉族,女,已婚,32336,徐有限责任公司,工人
赵杰宏,浙江省温州市鹿城区藤桥镇庄岩村,29/6/1963,韩国,高山族,男,单身,15000,云熙发展贸易有限责任公司,收银员
范子韬,安徽省秀云市孝南宜都街,28/4/1997,韩国,高山族,男,单身,20693,待业,收银员
萧睿,陕西汉中市勉县新街子镇五丰村,13/7/1969,中国香港,回族,男,单身,39056,袁記有限责任公司,教师
郝嘉伦,贵州省桂芝市萧山合山路,24/12/1995,美国,白族,男,已婚,12926,尹記电脑有限责任公司,个体
苏云熙,内蒙古自治区惠州县萧山贵阳街t座,7/3/1986,泰国,土家族,男,离异,49541,宇宁有限责任公司,学生
张嘉伦,福建漳州市平和县小溪镇内林村,2/10/2000,中国香港,回族,男,已婚,27889,吴顾问有限责任公司,教师
向致远,湖南省沈阳市孝南杨路,20/6/1993,日本,朝鲜族,男,已婚,11941,阎有限责任公司,白领
余璐,西藏自治区梧州市涪城拉萨街c座,31/3/1981,美国,白族,女,单身,61799,廖記贸易有限责任公司,个体
徐璐,西藏自治区成都市沙湾段街8978号,1/3/1996,中国香港,回族,女,已婚,46580,睿顾问有限责任公司,教师
尹云熙,福建省昆明市永川李路,12/11/1991,中国香港,回族,男,已婚,39417,子异工业有限责任公司,教师
汤睿,甘肃省兵县金平黄街9886号,11/4/1985,韩国,高山族,男,已婚,13460,秀英制药有限责任公司,收银员
卢云熙,西藏阿里地区噶尔县左左乡朗久村,12/12/1968,菲律宾,苗族,男,单身,68144,璐电讯有限责任公司,服务员
马嘉伦,宁夏回族自治区石嘴山市惠农区红果子镇惠东,19/6/1978,美国,白族,男,分居,65883,子韬电脑有限责任公司,个体
孙睿,澳门特别行政区拉萨市友好柳州路1691号,12/9/1985,中国,汉族,男,单身,52879,阎記有限责任公司,工人
钱嘉伦,宁夏回族自治区成都市闵行潮州街9292号,14/12/1997,中国台湾,壮族,男,已婚,68834,任記有限责任公司,科研人员
尹詩涵,甘肃省玉市龙潭马街j座,10/9/1995,中国台湾,壮族,女,离异,28847,方記电子有限责任公司,科研人员
徐子异,宁夏回族自治区南京市南湖金街9868号,26/5/1979,美国,白族,男,单身,53445,待业,个体
顾璐,天津市成都市高港卢街1720号,14/10/1976,日本,朝鲜族,女,单身,38817,吴記有限责任公司,白领
姚震南,福建福州市台江区后洲街道汀洲社区,18/7/1999,美国,白族,男,单身,57001,嘉伦通讯有限责任公司,个体
孔岚,江苏省兰英市黄浦陈路4981号,13/4/1969,中国香港,回族,女,已婚,24238,曾有限责任公司,教师
廖岚,重庆市大冶县合川合山路,26/8/1964,日本,朝鲜族,女,已婚,15290,孙記有限责任公司,白领
陶詩涵,青海省玉树藏族自治州杂多县萨呼腾镇然子滩城南,26/5/1991,美国,白族,女,已婚,35076,夏記通讯有限责任公司,个体
邓致远,北京市市辖县延庆县大庄科乡里长沟村,23/7/1996,中国香港,回族,男,已婚,22660,宇宁有限责任公司,教师
汤子韬,四川省兴安盟市东丽林路2467号,28/7/1965,日本,朝鲜族,男,已婚,14877,璐有限责任公司,白领
郑睿,北京市辖区房山区窦店镇三街村,15/6/1976,中国香港,回族,男,已婚,43655,子异有限责任公司,教师
黄震南,山西省马鞍山市清城张路m座,7/7/1997,菲律宾,苗族,男,已婚,60154,蒋記电子有限责任公司,服务员
韩子异,宁夏回族自治区合肥市朝阳王街,11/6/1988,中国香港,回族,男,单身,33089,安琪电脑有限责任公司,教师
马睿,西藏自治区那曲地区尼玛县卓尼乡果迁村,1/6/1998,美国,白族,男,离异,27552,杰宏物业代理有限责任公司,个体
叶璐,江苏省娟县清城吴街834号,3/3/1965,日本,朝鲜族,女,已婚,29555,杨有限责任公司,白领
贺詩涵,安徽省贵阳县璧山钟街9719号,4/12/1989,日本,朝鲜族,女,单身,46000,孙記有限责任公司,白领
马子异,重庆市哈尔滨市东城赵街,20/11/1996,中国,汉族,男,单身,15000,杰宏贸易有限责任公司,工人
蔡子韬,湖南省南京县沙市王路o座,5/6/1969,泰国,土家族,男,已婚,30684,子韬工程有限责任公司,学生
陶嘉伦,台湾省宁德县永川张家港街,30/12/1996,美国,白族,男,分居,9848,睿玩具有限责任公司,个体
韦致远,安徽省东莞市大兴汕尾路4112号,11/4/1969,中国台湾,壮族,男,离异,5549,待业,科研人员
莫致远,宁夏回族自治区固原市彭阳县草庙乡赵洼村,30/11/1974,中国香港,回族,男,已婚,10821,云熙贸易有限责任公司,教师
吕晓明,湖南省哈尔滨市金平侯路6025号,23/9/1967,中国香港,回族,男,已婚,36941,邱記食品有限责任公司,教师
卢安琪,西藏拉萨市墨竹工卡县唐加乡拉东村,19/8/1992,中国香港,回族,女,已婚,23928,程記工业有限责任公司,教师
韩睿,广西壮族自治区长沙县锡山淮安街y座,16/7/1978,中国香港,回族,男,单身,32463,震南技术有限责任公司,教师
江致远,河南省涛县花溪合山路4647号,1/1/1999,日本,朝鲜族,男,单身,28850,璐电脑有限责任公司,白领
龚晓明,内蒙古巴彦淖尔市临河区干召庙镇旭光村,7/12/1987,泰国,土家族,男,已婚,51091,崔記技术有限责任公司,学生
薛詩涵,广西桂林市永福县三皇乡江头村,8/7/1964,中国香港,回族,女,已婚,39646,子韬食品有限责任公司,教师
叶璐,青海果洛藏族自治州班玛县亚尔堂乡果芒牧委会,7/9/1983,泰国,土家族,女,丧偶,53335,袁工程有限责任公司,学生
罗岚,湖南省宜都市花溪昆明路Q座,3/8/1962,中国台湾,壮族,女,分居,21093,黎記有限责任公司,科研人员
吴岚,澳门特别行政区畅县魏都刘路,10/10/1987,中国香港,回族,女,离异,8117,段电脑有限责任公司,教师
夏璐,台湾省鹏市高明沈阳街,25/6/1966,中国,汉族,女,分居,67175,震南通讯有限责任公司,工人
丁宇宁,山西省想市闵行南昌路,13/4/2000,中国香港,回族,男,分居,26861,林制药有限责任公司,教师
何震南,青海省哈尔滨市梁平李路947号,6/9/1963,日本,朝鲜族,男,已婚,15000,宇宁有限责任公司,白领
叶璐,新疆维吾尔自治区琳县合川重庆路7921号,20/4/1984,中国,汉族,女,已婚,51589,詩涵发展贸易有限责任公司,工人
向晓明,山东省合肥县萧山梅街7231号,7/4/1960,泰国,土家族,男,已婚,16077,叶記工业有限责任公司,学生
贺云熙,四川德阳市什邡市湔氐镇天宫村,19/6/1987,韩国,高山族,男,已婚,69456,岚有限责任公司,收银员
冯致远,天津市市辖县宁河县东棘坨镇李秀庄村,19/2/1960,日本,朝鲜族,男,分居,16170,嘉伦物业代理有限责任公司,白领
郑詩涵,黑龙江鹤岗市南山区铁东街道办事处东岗社区,12/11/1992,韩国,高山族,女,已婚,32701,黄記制药有限责任公司,收银员
马詩涵,江苏省勇市丰都冯路K座,2/5/1987,韩国,高山族,女,单身,68712,赵系统有限责任公司,收银员
余嘉伦,甘肃省沈阳市安次香港路964号,8/5/1968,中国香港,回族,男,已婚,7282,晓明电子有限责任公司,教师
江致远,内蒙古自治区柳州市兴山邯郸街8100号,9/6/1989,菲律宾,苗族,男,已婚,52539,谢記电子有限责任公司,服务员
袁子异,江苏南京市鼓楼区阅江楼街道热河路社区,18/11/1992,中国香港,回族,男,已婚,15000,韦贸易有限责任公司,教师
傅震南,贵州省澳门市门头沟支街p座,27/5/1977,泰国,土家族,男,已婚,6201,秀英制药有限责任公司,学生
朱震南,天津市辽阳县清浦东莞街9101号,31/3/1989,泰国,土家族,男,分居,36080,吴記工程有限责任公司,学生
姜子韬,宁夏回族自治区帆县梁平李街6214号,24/3/1984,菲律宾,苗族,男,单身,15736,梁記顾问有限责任公司,服务员
汤致远,内蒙古自治区阳市崇文张街,1/7/1974,中国香港,回族,男,分居,63640,安琪电脑有限责任公司,教师
秦子异,湖南省永州市冷水滩区珊瑚街道高塘村,17/10/1972,中国台湾,壮族,男,已婚,35284,晓明电子有限责任公司,科研人员
陈秀英,江苏省金凤市永川舒街,21/8/1965,美国,白族,女,已婚,63303,安琪食品有限责任公司,个体
龙晓明,山西吕梁市交口县温泉乡城北沟村,21/7/1996,中国台湾,壮族,男,已婚,15000,郝系统有限责任公司,科研人员
杜致远,上海市拉萨县高坪顾街m座,19/3/1963,中国,汉族,男,已婚,31869,璐有限责任公司,工人
贺子异,黑龙江省桂香县和平冯路,23/9/1964,美国,白族,男,分居,66714,岚有限责任公司,个体
徐云熙,四川省荣县平山海口街K座,16/6/1973,中国台湾,壮族,男,已婚,19941,余記工业有限责任公司,科研人员
姜岚,云南省晨市魏都杭州街T座,13/9/1964,中国台湾,壮族,女,已婚,64340,丁記电脑有限责任公司,科研人员
方震南,江西省桂兰市六枝特刘路n座,6/8/1966,泰国,土家族,男,已婚,12710,岚有限责任公司,学生
吴致远,新疆维吾尔自治区嘉禾市浔阳石路Q座,7/7/1964,韩国,高山族,男,单身,26678,待业,收银员
孟宇宁,广西壮族自治区防城港市东兴市马路镇北联村,11/1/1971,韩国,高山族,男,离异,24274,致远工程有限责任公司,收银员
石震南,天津市博县魏都鞠街Q座,2/2/1971,泰国,土家族,男,已婚,35404,蔡記有限责任公司,学生
周安琪,香港特别行政区建军市沈河张路,10/8/1974,菲律宾,苗族,女,单身,46315,张系统有限责任公司,服务员
林子异,江苏省郑州县高坪程街7103号,16/7/1987,日本,朝鲜族,男,分居,35702,嘉伦有限责任公司,白领
夏云熙,福建省贵阳县浔阳熊路2530号,10/1/1962,日本,朝鲜族,男,已婚,20265,安琪电脑有限责任公司,白领
蔡致远,河南省畅市怀柔郑街,14/10/1984,中国香港,回族,男,已婚,41037,姚有限责任公司,教师
陶睿,安徽省梅市魏都尹路z座,7/1/1980,菲律宾,苗族,男,已婚,30918,秀英有限责任公司,服务员
吕睿,河北省惠州市海陵柳州街3826号,31/3/1985,日本,朝鲜族,男,已婚,7332,睿贸易有限责任公司,白领
雷睿,湖北省孝感市大悟县高店乡三合村,10/5/1997,菲律宾,苗族,男,单身,46724,冯記发展贸易有限责任公司,服务员
汪云熙,山东省东市沈河沈阳路w座,8/8/1982,中国香港,回族,男,单身,38990,待业,教师
谭云熙,辽宁省东县牧野李街8712号,22/11/1982,中国台湾,壮族,男,单身,30312,钱記技术有限责任公司,科研人员
熊震南,河南省辽阳市房山成都街W座,21/4/1986,泰国,土家族,男,单身,37576,睿发展贸易有限责任公司,学生
冯詩涵,内蒙古自治区倩市长寿王路6671号,7/10/1974,中国,汉族,女,单身,41510,璐有限责任公司,工人
唐詩涵,辽宁省昆明县徐汇西安街,19/3/1962,中国香港,回族,女,单身,21296,蒋有限责任公司,教师
张云熙,宁夏回族自治区宜都市沈北新李路8764号,1/12/1991,中国,汉族,男,已婚,50643,沈記电子有限责任公司,工人
崔詩涵,青海省台北市翔安北京街K座,16/4/1974,泰国,土家族,女,离异,17299,韩記有限责任公司,学生
程秀英,贵州省邯郸市合川齐齐哈尔路,26/4/1994,中国,汉族,女,已婚,59531,子韬物业代理有限责任公司,工人
廖璐,陕西省军县沈北新六盘水街1566号,8/3/1968,日本,朝鲜族,女,离异,24999,待业,白领
罗安琪,内蒙古自治区拉萨县丰都施路584号,23/10/1977,中国台湾,壮族,女,丧偶,66717,张記贸易有限责任公司,科研人员
邵詩涵,江苏省莉市翔安北京街,16/6/1989,中国台湾,壮族,女,离异,37548,待业,科研人员
钟云熙,湖南湘潭市韶山市如意镇厚罗村,9/10/1978,中国,汉族,男,单身,55988,秀英贸易有限责任公司,工人
金宇宁,广东省亮县清浦南昌街l座,13/3/1970,泰国,土家族,男,单身,10904,待业,学生
黄安琪,吉林延边朝鲜族自治州珲春市春化镇东兴镇村,15/5/1987,中国台湾,壮族,女,单身,11420,向記有限责任公司,科研人员
刘宇宁,福建省慧市清浦桑路A座,20/11/1986,韩国,高山族,男,已婚,49622,赵記有限责任公司,收银员
沈杰宏,上海市兰州县长寿太原路7333号,21/10/1982,美国,白族,男,已婚,24724,石发展贸易有限责任公司,个体
阎子异,山东省哈尔滨市城北陈街l座,29/10/1999,泰国,土家族,男,单身,15000,杰宏制药有限责任公司,学生
马晓明,江苏省连云港市赣榆县宋庄镇任庄村,31/8/2000,泰国,土家族,男,已婚,22652,邓記通讯有限责任公司,学生
崔子韬,北京市通辽县大东陈路,18/5/1960,泰国,土家族,男,离异,50118,秀英有限责任公司,学生
曾宇宁,浙江省湖州市德清县钟管镇东坝斗村,21/10/1989,中国台湾,壮族,男,单身,17691,刘記贸易有限责任公司,科研人员
杨子韬,广西壮族自治区涛县吉区辽阳街4930号,25/3/1977,中国台湾,壮族,男,单身,29090,嘉伦有限责任公司,科研人员
汪詩涵,广东省佛山市三水区乐平镇华布村,6/12/1975,中国,汉族,女,已婚,48431,史有限责任公司,工人
黎璐,湖南省贵阳县沈河李街8646号,3/7/1975,日本,朝鲜族,女,单身,36329,曹制药有限责任公司,白领
侯云熙,宁夏回族自治区固原市泾源县新民乡马河滩村,10/7/1960,美国,白族,男,单身,30202,宇宁有限责任公司,个体
陶杰宏,青海省海北藏族自治州门源回族自治县西滩乡崖头村,5/7/1996,中国香港,回族,男,单身,50580,潘記通讯有限责任公司,教师
田秀英,安徽省银川县东丽韩街365号,2/8/1990,菲律宾,苗族,女,离异,61564,曹記有限责任公司,服务员
傅晓明,湖南省静市沙湾潮州街,23/7/1979,中国台湾,壮族,男,单身,56590,戴物业代理有限责任公司,科研人员
傅安琪,内蒙古自治区坤县朝阳李路g座,25/1/1966,美国,白族,女,单身,23912,宇宁顾问有限责任公司,个体
段晓明,黑龙江佳木斯市桦南县桦南镇桦丰村,16/6/1969,美国,白族,男,单身,15000,向記顾问有限责任公司,个体
龚云熙,贵州遵义市绥阳县郑场镇上坪村,12/3/1986,中国香港,回族,男,已婚,36650,梁贸易有限责任公司,教师
赵詩涵,浙江衢州市江山市贺村镇永兴坞村,16/7/1996,中国台湾,壮族,女,已婚,44741,黎記物业代理有限责任公司,科研人员
赵嘉伦,内蒙古自治区荆门市东城王街,4/1/1998,中国香港,回族,男,单身,18335,宇宁食品有限责任公司,教师
姜安琪,西藏自治区宜都县锡山永安街7426号,13/12/1996,韩国,高山族,女,已婚,15000,晓明有限责任公司,收银员
朱詩涵,安徽省池州市石台县小河镇樟村,3/6/1986,中国台湾,壮族,女,单身,34256,安琪有限责任公司,科研人员
秦璐,江西省潜江市长寿魏路9498号,2/7/1997,中国香港,回族,女,单身,15000,钱記物业代理有限责任公司,教师
孔致远,新疆维吾尔自治区平市西峰大冶街4511号,6/5/1991,中国香港,回族,男,已婚,63469,睿有限责任公司,教师
黄嘉伦,河南省驻马店市新蔡县顿岗乡下丕岗村,10/8/1981,美国,白族,男,单身,10358,武工程有限责任公司,个体
何睿,江西省斌市六枝特杨路,27/2/1967,泰国,土家族,男,分居,67230,夏玩具有限责任公司,学生
沈璐,河南省周口市鹿邑县赵村乡半截河村,19/3/1997,美国,白族,女,单身,45175,晓明工程有限责任公司,个体
陈秀英,云南省佛山市平山沈阳街,1/9/1961,中国,汉族,女,已婚,23219,韦記工程有限责任公司,工人
阎安琪,宁夏回族自治区石嘴山市惠农区火车站街道办事处火车站,8/3/1984,中国台湾,壮族,女,单身,25159,沈記技术有限责任公司,科研人员
薛詩涵,山东省北镇市龙潭陈路t座,13/11/1966,中国台湾,壮族,女,单身,26213,杰宏系统有限责任公司,科研人员
张嘉伦,台湾省重庆市西夏许路8199号,12/9/1985,中国,汉族,男,单身,11438,郝記系统有限责任公司,工人
沈子异,山东省武汉市海港孔街M座,4/1/1978,韩国,高山族,男,已婚,65045,唐記有限责任公司,收银员
林秀英,黑龙江省黑河市北安市通北林业局第十,4/8/1960,韩国,高山族,女,单身,54538,睿有限责任公司,收银员
金宇宁,吉林省辽阳县平山王街g座,25/1/1961,中国台湾,壮族,男,单身,67809,子韬有限责任公司,科研人员
丁安琪,新疆维吾尔自治区帆县蓟州马街791号,9/5/1973,中国,汉族,女,单身,9618,睿有限责任公司,工人
崔晓明,江苏省上海市双滦王路5372号,21/12/1995,菲律宾,苗族,男,单身,19122,阎記有限责任公司,服务员
杨詩涵,陕西省荆门县南湖辽阳街I座,27/1/2000,美国,白族,女,单身,38576,嘉伦有限责任公司,个体
卢子异,江苏省武汉县徐汇阮街6281号,27/4/1965,中国台湾,壮族,男,单身,10415,金記技术有限责任公司,科研人员
谭震南,吉林省白山市靖宇县景山镇兴隆村,6/12/1967,中国台湾,壮族,男,已婚,54604,子韬贸易有限责任公司,科研人员
彭致远,重庆市丹县南长关岭街6562号,22/6/1965,中国,汉族,男,已婚,33165,邵有限责任公司,工人
许詩涵,广西崇左市龙州县彬桥乡红岭村,28/9/1965,中国,汉族,女,丧偶,44080,金顾问有限责任公司,工人
蒋詩涵,河南濮阳市台前县后方乡玉皇岭村,17/5/1963,日本,朝鲜族,女,已婚,63186,子异工业有限责任公司,白领
丁秀英,湖南省娄底市娄星区茶园镇志木村,2/3/1982,日本,朝鲜族,女,已婚,49808,岚物业代理有限责任公司,白领
姚云熙,湖北恩施土家族苗族自治州建始县三里乡中坦坪村,27/3/1995,中国台湾,壮族,男,已婚,58165,曹发展贸易有限责任公司,科研人员
丁子异,辽宁省兰州市朝阳北镇街9514号,25/12/1990,菲律宾,苗族,男,单身,36143,睿电子有限责任公司,服务员
毛晓明,贵州省黔东南苗族侗族自治州雷山县丹江镇猫猫河村,17/5/1981,中国台湾,壮族,男,已婚,68440,待业,科研人员
薛睿,甘肃省大冶市沈北新西安街4915号,13/2/1967,美国,白族,男,已婚,65619,崔記技术有限责任公司,个体
方嘉伦,湖北鄂州市梁子湖区沼山镇沼山村,19/3/1998,中国,汉族,男,单身,21477,萧有限责任公司,工人
孟安琪,江西省银川县崇文兴城街8250号,6/10/1994,泰国,土家族,女,已婚,15245,廖記有限责任公司,学生
王震南,重庆市市辖区大渡口区八桥镇双林社区,2/4/1986,韩国,高山族,男,已婚,32980,嘉伦有限责任公司,收银员
崔杰宏,河北省西宁县东城齐齐哈尔路,20/11/1972,美国,白族,男,已婚,18784,致远技术有限责任公司,个体
苏安琪,湖北省荆州市石首市团山寺镇曹家场村,23/9/1960,韩国,高山族,女,丧偶,68037,待业,收银员
卢璐,陕西省兵县朝阳贵阳街495号,10/12/1985,中国,汉族,女,单身,50013,璐物业代理有限责任公司,工人
杨晓明,台湾省银川市永川邯郸街,6/3/1992,韩国,高山族,男,已婚,62616,晓明通讯有限责任公司,收银员
程睿,天津市婷婷县东丽陈路4577号,26/11/1971,中国台湾,壮族,男,离异,21510,子韬工程有限责任公司,科研人员
林震南,安徽蚌埠市禹会区长青乡黄山村,9/10/1983,中国,汉族,男,已婚,15000,陶有限责任公司,工人
韩岚,宁夏固原市彭阳县白阳镇袁老庄村,30/1/1964,菲律宾,苗族,女,已婚,13499,岚有限责任公司,服务员
程秀英,宁夏回族自治区瑜市江北冯街1731号,17/1/1968,日本,朝鲜族,女,单身,29310,子异有限责任公司,白领
陈岚,香港特别行政区长春县双滦黄街,6/6/1994,中国香港,回族,女,丧偶,5939,李电脑有限责任公司,教师
向致远,重庆市辖区九龙坡区走马镇大石村,27/5/1964,中国香港,回族,男,已婚,21276,晓明食品有限责任公司,教师
孙震南,吉林省洁市黄浦杨路943号,26/1/1971,中国台湾,壮族,男,单身,56405,震南食品有限责任公司,科研人员
汪子韬,广西壮族自治区钦州市钦南区尖山镇九鸦村,30/9/1992,中国台湾,壮族,男,单身,29779,安琪系统有限责任公司,科研人员
周晓明,陕西省咸阳市泾阳县高庄镇金田玉村,6/1/1963,菲律宾,苗族,男,单身,68257,高記电子有限责任公司,服务员
邱睿,河南省超县西夏吴路Z座,2/3/1994,中国台湾,壮族,男,单身,47296,安琪贸易有限责任公司,科研人员
谭嘉伦,甘肃省昆明县静安梁路7643号,1/2/1961,韩国,高山族,男,单身,66380,子韬系统有限责任公司,收银员
郝云熙,浙江省俊县梁平永安街,7/4/1977,中国台湾,壮族,男,已婚,45242,岚顾问有限责任公司,科研人员
赵岚,四川省哈尔滨市孝南李路9535号,14/3/1981,中国台湾,壮族,女,单身,22530,马記电脑有限责任公司,科研人员
刘子韬,山西省阳泉市城区下站街道办事处新市街社区,6/8/1960,日本,朝鲜族,男,已婚,24393,晓明有限责任公司,白领
任晓明,山东枣庄市薛城区兴仁街道办事处西谷山村,25/3/1968,中国台湾,壮族,男,单身,13510,宇宁有限责任公司,科研人员
许岚,河北省承德市隆化县山湾乡庄头营村,26/12/1973,韩国,高山族,女,已婚,15000,黄記制药有限责任公司,收银员
苏詩涵,山西省辛集市高坪李路515号,26/6/1976,韩国,高山族,女,已婚,53713,致远有限责任公司,收银员
叶震南,福建省坤县和平巢湖路6505号,24/11/1982,中国香港,回族,男,单身,45870,待业,教师
孔安琪,浙江省淮安县沙市李路,9/3/1998,中国台湾,壮族,女,已婚,15000,詩涵有限责任公司,科研人员
袁秀英,辽宁省阜新市新邱区中兴街道中兴社区,21/10/2000,中国,汉族,女,已婚,21991,许电脑有限责任公司,工人
郑岚,台湾省坤县普陀李路S座,26/6/1961,中国香港,回族,女,单身,27223,韩有限责任公司,教师
萧睿,宁夏回族自治区石嘴山市大武口区星海镇临湖村,20/12/1976,中国,汉族,男,已婚,42194,钱記有限责任公司,工人
莫杰宏,澳门特别行政区娟市蓟州顾路g座,19/8/1985,泰国,土家族,男,已婚,42962,待业,学生
罗秀英,云南省莉市秀英苏路F座,10/7/1981,日本,朝鲜族,女,已婚,62999,石有限责任公司,白领
黎子韬,香港特别行政区广州县高明魏街4842号,20/1/1989,韩国,高山族,男,单身,58284,詩涵电子有限责任公司,收银员
姚致远,上海市辖县崇明县三星镇三星,20/10/1975,韩国,高山族,男,单身,68159,邹記有限责任公司,收银员
莫睿,香港特别行政区玉市南湖银川街2865号,20/6/1990,中国香港,回族,男,已婚,61723,致远有限责任公司,教师
陈嘉伦,山西省运城市垣曲县新城镇瓦舍村,24/5/1966,韩国,高山族,男,已婚,36498,杰宏物业代理有限责任公司,收银员
严震南,澳门特别行政区梅县滨城谢路b座,28/8/1988,中国,汉族,男,已婚,20349,待业,工人
郑子异,广东省成县海港沈阳路5991号,23/9/1998,中国台湾,壮族,男,已婚,65426,子异有限责任公司,科研人员
梁安琪,河南省鑫县吉区马路r座,6/10/1970,中国台湾,壮族,女,单身,38104,吕記有限责任公司,科研人员
张嘉伦,澳门特别行政区桂花县上街台北路,26/4/1965,韩国,高山族,男,已婚,15000,韩电脑有限责任公司,收银员
高安琪,江苏省玲市永川沈阳路F座,12/12/1962,菲律宾,苗族,女,单身,23526,周記有限责任公司,服务员
曾岚,河南商丘市梁园区双八镇路楼村,13/2/1987,中国,汉族,女,单身,21391,马有限责任公司,工人
贺嘉伦,江西省九江市修水县大桥镇沙湾村,27/9/1962,中国台湾,壮族,男,离异,21227,子异有限责任公司,科研人员
常岚,甘肃省畅市东城路路2779号,1/6/1963,中国香港,回族,女,单身,43085,梁記有限责任公司,教师
阎岚,甘肃省六安县滨城李街6087号,3/4/1970,中国,汉族,女,分居,26394,杰宏电脑有限责任公司,工人
丁晓明,湖南省关岭市龙潭长春街4697号,25/6/1981,中国香港,回族,男,单身,21420,子异有限责任公司,教师
黎晓明,重庆市红梅市长寿澳门街839号,4/11/1985,美国,白族,男,已婚,59171,郭食品有限责任公司,个体
高岚,山东省台北县西夏哈尔滨街,1/11/1979,日本,朝鲜族,女,单身,67944,宇宁有限责任公司,白领
汤震南,河南省澳门县和平关岭路3097号,30/8/1988,中国,汉族,男,单身,15000,马有限责任公司,工人
龚嘉伦,江西九江市共青城市江益镇江益街,3/9/1996,美国,白族,男,单身,59182,叶記贸易有限责任公司,个体
徐璐,内蒙古自治区雪梅市东城杨街g座,18/5/1989,菲律宾,苗族,女,已婚,43479,杰宏食品有限责任公司,服务员
钟睿,湖南省永州市冷水滩区珊瑚街道高塘村,27/12/1961,泰国,土家族,男,单身,36779,许有限责任公司,学生
胡子异,宁夏回族自治区吴忠市红寺堡区红寺堡开发区南川乡沙草墩村,26/7/1986,日本,朝鲜族,男,已婚,24721,姜記系统有限责任公司,白领
徐睿,广西防城港市防城区扶隆乡教良村,6/6/1970,日本,朝鲜族,男,已婚,28697,秀英技术有限责任公司,白领
黎晓明,云南省哈尔滨县山亭杭州路y座,3/10/1983,中国香港,回族,男,分居,45324,杜有限责任公司,教师
龚嘉伦,西藏自治区澳门县城北田街6409号,10/7/1970,中国香港,回族,男,单身,15000,林記工程有限责任公司,教师
龚睿,福建省建华县孝南呼和浩特路,15/9/1966,泰国,土家族,男,已婚,10408,待业,学生
江震南,江西省通辽市秀英张路J座,17/3/1990,中国台湾,壮族,男,单身,6344,安琪有限责任公司,科研人员
萧震南,上海市沈阳市吉区上海街7959号,17/7/1996,中国台湾,壮族,男,单身,14478,钱記工业有限责任公司,科研人员
毛云熙,江苏无锡市惠山区堰桥街道塘头社区,8/10/1983,中国台湾,壮族,男,单身,12217,李記贸易有限责任公司,科研人员
萧晓明,广西壮族自治区防城港市东兴市马路镇北联村,17/5/1968,美国,白族,男,已婚,66358,岚发展贸易有限责任公司,个体
侯震南,云南省沈阳市白云杭州街,9/6/1976,菲律宾,苗族,男,已婚,15000,安琪有限责任公司,服务员
冯晓明,云南大理白族自治州祥云县鹿鸣乡大凹柰村,11/3/1968,日本,朝鲜族,男,已婚,34669,待业,白领
杜秀英,河北省东市沙市蒙街,24/11/1993,中国,汉族,女,已婚,14062,杨記物业代理有限责任公司,工人
秦云熙,重庆市市辖区綦江区永新镇三合村,3/2/1994,中国香港,回族,男,已婚,15000,晓明电子有限责任公司,教师
杨震南,海南省广州县华龙李路,25/8/1980,中国,汉族,男,单身,22284,段有限责任公司,工人
段睿,安徽省宜都县平山李路4668号,15/12/1985,美国,白族,男,单身,53770,罗記有限责任公司,个体
苏子异,云南省旭市大东张路9582号,14/1/1991,中国台湾,壮族,男,离异,20922,云熙工业有限责任公司,科研人员
顾子韬,西藏自治区龙县大兴重庆街r座,8/5/1980,菲律宾,苗族,男,已婚,68384,魏有限责任公司,服务员
薛秀英,湖南省桂香市普陀香港路3969号,24/12/1983,美国,白族,女,单身,65159,郑記有限责任公司,个体
傅詩涵,上海市辖区闸北区芷江西路街道城上城,17/8/1970,中国台湾,壮族,女,已婚,51507,子异电脑有限责任公司,科研人员
蒋震南,吉林省延边朝鲜族自治州龙井市智新镇新安村,24/8/1970,韩国,高山族,男,单身,27483,于通讯有限责任公司,收银员
冯云熙,湖南省马鞍山市金平马鞍山街9860号,30/7/1966,泰国,土家族,男,单身,7816,彭技术有限责任公司,学生
邱震南,内蒙古自治区南京县东城邓路,3/11/1976,中国台湾,壮族,男,已婚,30323,林系统有限责任公司,科研人员
蒋子异,青海省华市山亭台北街J座,8/12/1982,日本,朝鲜族,男,离异,46024,睿电讯有限责任公司,白领
贾震南,北京市济南市永川南昌街8186号,4/10/1975,美国,白族,男,单身,37055,张記制药有限责任公司,个体
蔡詩涵,安徽省兴城县海陵李街458号,17/4/1991,日本,朝鲜族,女,离异,33626,常技术有限责任公司,白领
邱秀英,北京市马鞍山市高港黄街M座,9/6/1997,菲律宾,苗族,女,丧偶,7441,宇宁食品有限责任公司,服务员
罗晓明,江西省宜都市海港佛山街5403号,3/9/1972,中国台湾,壮族,男,单身,68406,秀英电讯有限责任公司,科研人员
阎璐,安徽蚌埠市蚌山区纬二路街道纬一社区,24/4/1974,日本,朝鲜族,女,单身,48109,震南有限责任公司,白领
陶杰宏,云南大理白族自治州宾川县钟英傈僳族彝族乡芝麻登村,4/5/1967,中国,汉族,男,分居,15000,程記通讯有限责任公司,工人
孙震南,上海市建军县六枝特王路Q座,14/4/1983,菲律宾,苗族,男,单身,32278,邵記发展贸易有限责任公司,服务员
金睿,湖北省婷婷县孝南樊街W座,23/5/1995,中国台湾,壮族,男,离异,14618,向記有限责任公司,科研人员
程晓明,山东省惠州市上街阎街,11/7/1965,菲律宾,苗族,男,离异,15000,待业,服务员
秦晓明,青海果洛藏族自治州玛沁县拉加镇加思乎牧委会,14/5/1995,日本,朝鲜族,男,已婚,22868,岚有限责任公司,白领
吴致远,广西来宾市忻城县城关镇古饶村,2/9/1960,菲律宾,苗族,男,已婚,66391,杰宏发展贸易有限责任公司,服务员
蔡子异,河北沧州市孟村回族自治县辛店镇付林村,3/8/1980,中国香港,回族,男,已婚,53858,高有限责任公司,教师
彭璐,江苏南通市如东县岔河镇新港村,17/6/1968,韩国,高山族,女,分居,68508,晓明顾问有限责任公司,收银员
贺杰宏,新疆维吾尔自治区华市高坪贵阳路71号,5/2/1998,中国台湾,壮族,男,单身,48342,宇宁顾问有限责任公司,科研人员
廖岚,河北省哈尔滨市高坪上海街a座,14/9/1993,中国,汉族,女,单身,59403,曹記有限责任公司,工人
于子异,安徽阜阳市界首市任寨乡岳刘村,3/11/1988,中国香港,回族,男,已婚,39063,嘉伦食品有限责任公司,教师
黎致远,河南省安阳市内黄县东庄镇小屯村,28/10/1963,韩国,高山族,男,单身,16766,董記有限责任公司,收银员
姚璐,青海省黄南藏族自治州同仁县保安镇群吾村,1/2/1977,中国,汉族,女,单身,64644,孙記电讯有限责任公司,工人
陆秀英,台湾省云市高明方街G座,18/1/1991,韩国,高山族,女,已婚,40532,徐記有限责任公司,收银员
彭宇宁,湖北省巢湖县南溪高街,18/2/1973,日本,朝鲜族,男,单身,20504,待业,白领
叶嘉伦,辽宁省辽阳市灯塔市大河南镇古树子村,21/1/1994,美国,白族,男,已婚,63985,周通讯有限责任公司,个体
谭岚,宁夏回族自治区北京县翔安胡街2939号,31/12/1998,中国台湾,壮族,女,单身,15000,安琪顾问有限责任公司,科研人员
严宇宁,黑龙江省瑜县静安盘街,8/3/1994,中国香港,回族,男,已婚,50010,嘉伦工程有限责任公司,教师
萧璐,西藏昌都地区洛隆县达龙乡布达村,5/12/1966,菲律宾,苗族,女,已婚,50564,璐工业有限责任公司,服务员
程震南,江苏省扬州市宝应县山阳镇徐庄村,26/7/1972,中国香港,回族,男,离异,60989,云熙电子有限责任公司,教师
宋嘉伦,福建省漳州市漳浦县盘陀镇和美村,1/7/1993,韩国,高山族,男,单身,9074,待业,收银员
陆晓明,贵州安顺市关岭布依族苗族自治县关索街道办事处大龙滩村,30/8/1967,菲律宾,苗族,男,离异,5861,秀英制药有限责任公司,服务员
汤宇宁,陕西省金凤市崇文方路9766号,14/9/1995,韩国,高山族,男,单身,56367,致远工业有限责任公司,收银员
蒋云熙,福建省南平市松溪县渭田镇潘墩村,5/2/1979,中国香港,回族,男,单身,47428,阎記有限责任公司,教师
曹岚,广西壮族自治区郑州市白云熊路2546号,26/7/2000,美国,白族,女,已婚,66957,待业,个体
吴睿,西藏自治区通辽县高明薛街4720号,24/1/1976,中国台湾,壮族,男,已婚,31610,晓明有限责任公司,科研人员
许詩涵,吉林省桂英县海港南昌街d座,1/2/1982,中国,汉族,女,单身,15280,胡技术有限责任公司,工人
段晓明,新疆维吾尔自治区楠县涪城太原路8082号,24/1/1971,菲律宾,苗族,男,单身,15000,董玩具有限责任公司,服务员
毛云熙,北京市上海县清河南京街J座,19/7/2000,中国,汉族,男,单身,7291,金有限责任公司,工人
宋安琪,福建省慧县南溪柳州街4106号,28/7/1971,泰国,土家族,女,已婚,9613,待业,学生
罗子韬,重庆市市辖县酉阳土家族苗族自治县酉酬镇双禄村,6/12/1982,中国香港,回族,男,已婚,32482,杰宏有限责任公司,教师
顾杰宏,青海省太原县兴山拉萨路S座,7/8/1963,日本,朝鲜族,男,单身,15000,阎有限责任公司,白领
汪詩涵,广东揭阳市榕城区梅云街道办事处夏桥村,25/10/1979,韩国,高山族,女,单身,5620,子韬电子有限责任公司,收银员
林子异,贵州铜仁市印江土家族苗族自治县板溪镇下洞村,6/11/1991,日本,朝鲜族,男,已婚,15000,傅記物业代理有限责任公司,白领
高云熙,浙江省东县兴山兴城路Q座,5/2/1963,泰国,土家族,男,已婚,69814,宇宁顾问有限责任公司,学生
黄安琪,海南省小红市城东台北路9811号,24/5/1981,日本,朝鲜族,女,已婚,11990,杰宏工业有限责任公司,白领
田杰宏,江西省桂芝县翔安廖街7338号,4/9/1984,韩国,高山族,男,单身,50268,安琪顾问有限责任公司,收银员
史詩涵,湖北省重庆市闵行澳门街,23/8/1998,中国台湾,壮族,女,单身,17342,致远电讯有限责任公司,科研人员
宋秀英,陕西省六盘水县花溪重庆街,31/5/1988,中国台湾,壮族,女,已婚,61902,严工业有限责任公司,科研人员
韩子异,山东省玉兰县高港东莞路N座,5/7/1982,韩国,高山族,男,已婚,8438,子韬有限责任公司,收银员
阎璐,湖南省阳县淄川海门街,30/4/1978,菲律宾,苗族,女,单身,15000,苏記工程有限责任公司,服务员
曾子异,台湾省兴城市房山文街7436号,23/1/1997,菲律宾,苗族,男,单身,11416,孟記有限责任公司,服务员
张宇宁,台湾省磊县闵行陈路,24/12/1981,韩国,高山族,男,已婚,64722,待业,收银员
董秀英,黑龙江省博市城东李街5097号,28/5/2000,中国台湾,壮族,女,单身,51709,宋有限责任公司,科研人员
朱璐,江苏省浩市黄浦赵街,17/9/1976,中国台湾,壮族,女,单身,69013,安琪工业有限责任公司,科研人员
邹子韬,青海省明县房山徐街4433号,15/4/2000,中国,汉族,男,丧偶,28781,子异制药有限责任公司,工人
罗致远,四川省文市花溪吕街J座,9/12/1971,泰国,土家族,男,分居,15013,曾記工业有限责任公司,学生
方宇宁,吉林省深圳县静安兰州路u座,6/6/1964,日本,朝鲜族,男,单身,20481,杰宏电脑有限责任公司,白领